symbol,side,date_signal,date_entree,date_sortie,bars,entree,stop_initial,sortie,R,ret_pct,motif,atr_pct_entree
BTCUSD_4h,short,2012-02-13 12:00:00,2012-02-13 16:00:00,2012-02-14 08:00:00,4,5.75,5.928533958523111,5.242717315425307,2.7182349731018842,0.08456865904745885,stop,0.015524692045487941
BTCUSD_4h,short,2012-02-20 08:00:00,2012-02-20 12:00:00,2012-02-22 00:00:00,9,4.67,4.967086826462082,4.58,0.24067038196029222,0.015341174855063519,gap_stop,0.03180801139850986
BTCUSD_4h,short,2012-02-23 04:00:00,2012-02-23 08:00:00,2012-02-23 12:00:00,1,4.73,4.949578705109566,4.78960879760174,-0.35817687857162084,-0.016660808974596684,stop,0.023211279609890695
BTCUSD_4h,short,2012-02-23 16:00:00,2012-02-23 20:00:00,2012-02-26 08:00:00,15,5.0,5.266295340789255,5.07,-0.33849634669851886,-0.018064128256513004,gap_stop,0.026629534078925533
BTCUSD_4h,short,2012-02-27 08:00:00,2012-02-27 12:00:00,2012-02-28 20:00:00,8,5.08,5.251271795713486,5.04,0.11537217740774729,0.0038975588973221595,gap_stop,0.016857460208020307
BTCUSD_4h,short,2012-03-05 00:00:00,2012-03-05 04:00:00,2012-03-05 12:00:00,2,4.97,5.12042727035699,4.95,0.0010636369297904787,3.2257674302180186e-05,gap_stop,0.015133528204928597
BTCUSD_4h,short,2012-03-05 16:00:00,2012-03-05 20:00:00,2012-03-07 08:00:00,9,4.94,5.1031219613875995,5.0704177142497935,-0.9222458361742647,-0.03051417606027693,stop,0.016510319978501914
BTCUSD_4h,short,2012-03-07 12:00:00,2012-03-07 16:00:00,2012-03-08 08:00:00,4,5.09,5.224186702592934,5.026537547187547,0.3221584321154181,0.00851002155944058,stop,0.013181404969836325
BTCUSD_4h,long,2012-03-18 16:00:00,2012-03-18 20:00:00,2012-03-19 04:00:00,2,5.24,5.134496483534017,5.25,-0.1040723605031787,-0.002091237372583245,gap_stop,0.01006712943377706
BTCUSD_4h,long,2012-03-19 08:00:00,2012-03-19 12:00:00,2012-03-19 12:00:00,0,5.24,5.146509633127214,5.146509633127214,-1.2221942212989776,-0.021762464791607806,stop,0.008920836533662812
BTCUSD_4h,long,2012-03-19 16:00:00,2012-03-19 20:00:00,2012-03-20 16:00:00,5,4.97,4.803061877543363,4.826401060009795,-0.977558269547534,-0.032769820943670855,stop,0.01679457972400777
BTCUSD_4h,short,2012-03-28 20:00:00,2012-03-29 00:00:00,2012-03-31 16:00:00,16,4.93,5.157374588735398,4.908721745061478,0.007040414926321734,0.00032535892238817684,stop,0.023060303117180343
BTCUSD_4h,short,2012-04-11 16:00:00,2012-04-11 20:00:00,2012-04-12 08:00:00,3,4.88,4.977465608518429,4.838167617315958,0.22978410323242934,0.004598551087710311,stop,0.009986230380986562
BTCUSD_4h,short,2012-04-12 20:00:00,2012-04-13 00:00:00,2012-04-14 00:00:00,6,4.93,5.0578663920804106,4.9383257651475425,-0.21946671225531938,-0.00570358093018438,stop,0.012968193922962574
BTCUSD_4h,long,2012-04-23 20:00:00,2012-04-24 00:00:00,2012-04-25 16:00:00,10,5.0,4.898833059140293,5.049813006955343,0.2937064290857447,0.005930814559168296,stop,0.010116694085970629
BTCUSD_4h,long,2012-04-26 20:00:00,2012-04-27 00:00:00,2012-04-28 04:00:00,7,4.98,4.821752154173074,4.9568438240694075,-0.27191437174944627,-0.008623288278609816,stop,0.015888337934430286
BTCUSD_4h,long,2012-04-28 08:00:00,2012-04-28 12:00:00,2012-04-28 16:00:00,1,4.99,4.862584725855765,4.862584725855765,-1.1546531181921327,-0.029424206416015022,stop,0.012767061537498547
BTCUSD_4h,long,2012-05-06 00:00:00,2012-05-06 04:00:00,2012-05-07 00:00:00,5,5.02,4.940539235866325,5.0163833207214745,-0.29812758759927843,-0.004709593943580506,stop,0.007914418738413798
BTCUSD_4h,long,2012-05-09 00:00:00,2012-05-09 04:00:00,2012-05-10 00:00:00,5,5.01,4.936148626555323,5.007536037810893,-0.3046528888400857,-0.0044818614795814875,stop,0.007370396551364941
BTCUSD_4h,long,2012-05-29 00:00:00,2012-05-29 04:00:00,2012-05-29 12:00:00,2,5.04,5.005405035194002,5.05312985177442,-0.2039721089094928,-0.0013972863655880884,stop,0.0034320401593251775
BTCUSD_4h,long,2012-06-10 12:00:00,2012-06-10 16:00:00,2012-06-10 20:00:00,1,5.46,5.357957318703308,5.420960367367358,-0.5958443329276528,-0.011113588458134368,stop,0.00934456788431247
BTCUSD_4h,long,2012-06-18 20:00:00,2012-06-19 00:00:00,2012-06-22 12:00:00,21,6.06,5.810652499772593,6.502942013500742,1.6756379313716385,0.06880893814248407,stop,0.02057322609137015
BTCUSD_4h,long,2012-06-23 16:00:00,2012-06-23 20:00:00,2012-06-25 00:00:00,7,6.36,6.166492115323122,6.285813171046752,-0.5140795966089517,-0.015610046462945396,stop,0.01521288401547792
BTCUSD_4h,long,2012-06-25 04:00:00,2012-06-25 08:00:00,2012-06-26 04:00:00,5,6.26,6.0931711139904206,6.191791482765449,-0.5581293649274575,-0.01484444851512337,stop,0.013324990895333833
BTCUSD_4h,long,2012-07-03 16:00:00,2012-07-03 20:00:00,2012-07-04 08:00:00,3,6.47,6.311421808630207,6.402596105524987,-0.587401621127375,-0.014368340087377508,stop,0.012254883413430657
BTCUSD_4h,long,2012-07-04 20:00:00,2012-07-05 00:00:00,2012-07-06 04:00:00,7,6.44,6.277613946530071,6.515462792350392,0.30514853773982764,0.007679031186956902,stop,0.01260761284704424
BTCUSD_4h,long,2012-07-08 04:00:00,2012-07-08 08:00:00,2012-07-09 16:00:00,8,6.45,6.260897483672721,6.798632614791145,1.7034958382258865,0.04984377749331758,stop,0.014659109792812293
BTCUSD_4h,long,2012-07-20 00:00:00,2012-07-20 04:00:00,2012-07-22 16:00:00,15,7.95,7.34826451673989,8.50980046827347,0.8756021241798212,0.06614203885774657,stop,0.03784499894717671
BTCUSD_4h,long,2012-07-22 20:00:00,2012-07-23 00:00:00,2012-07-23 20:00:00,5,8.42,7.983807546623554,8.425551138306396,-0.06451272540914721,-0.003335367740791208,stop,0.02590216468981272
BTCUSD_4h,long,2012-07-30 00:00:00,2012-07-30 04:00:00,2012-08-01 16:00:00,15,8.54,8.351682058361813,9.264044058545226,3.6557109983223195,0.08045220687759566,stop,0.011025640611135009
BTCUSD_4h,long,2012-08-18 08:00:00,2012-08-18 12:00:00,2012-08-19 04:00:00,4,11.67,9.97466161825276,10.717099699453833,-0.5884810434816301,-0.08531989148909326,stop,0.0726366059017669
BTCUSD_4h,long,2012-09-23 04:00:00,2012-09-23 08:00:00,2012-09-24 08:00:00,6,11.87,11.522517803919014,11.696731967098176,-0.6342814087218804,-0.018530882366355764,stop,0.0146369922527795
BTCUSD_4h,long,2012-09-25 04:00:00,2012-09-25 08:00:00,2012-09-25 20:00:00,3,11.76,11.448842243317142,11.813726825279796,0.021144809949064085,0.0005583536692971339,stop,0.013229496457604507
BTCUSD_4h,long,2012-09-26 08:00:00,2012-09-26 12:00:00,2012-09-28 12:00:00,12,11.53,11.057571633090802,11.877453799662922,0.636369263832503,0.026022447045509798,stop,0.02048691964046825
BTCUSD_4h,long,2012-10-06 12:00:00,2012-10-06 16:00:00,2012-10-07 04:00:00,3,12.3,11.834272450842008,11.958967275781863,-0.8364346482701861,-0.03160757012557825,stop,0.018932014193414344
BTCUSD_4h,long,2012-10-07 08:00:00,2012-10-07 12:00:00,2012-10-07 20:00:00,2,12.08,11.510309099427474,11.56368488675124,-0.9893127702335702,-0.04656270926873599,stop,0.02357992138131319
BTCUSD_4h,short,2012-10-31 20:00:00,2012-11-01 00:00:00,2012-11-05 16:00:00,28,11.0,11.46361186173837,10.741692324207827,0.4633709981842272,0.019568618249567894,stop,0.021073266442653168
BTCUSD_4h,long,2012-11-27 12:00:00,2012-11-27 16:00:00,2012-11-28 12:00:00,5,11.98,11.627482833594485,12.19,0.4585875963102267,0.013467222483247002,gap_stop,0.014712736494387172
BTCUSD_4h,long,2012-12-13 04:00:00,2012-12-13 08:00:00,2012-12-14 16:00:00,8,13.09,12.757087596437064,13.556355517432271,1.2407552316365378,0.031492614953241536,stop,0.012716287378263438
BTCUSD_4h,long,2012-12-17 04:00:00,2012-12-17 08:00:00,2012-12-17 08:00:00,0,13.17,12.904101902296576,12.904101902296576,-1.1961210112257235,-0.024101099358459672,stop,0.010094840459507396
BTCUSD_4h,long,2012-12-17 16:00:00,2012-12-17 20:00:00,2012-12-18 08:00:00,3,13.1,12.752566282560341,12.978080110983152,-0.5010338389769166,-0.013261724584328548,stop,0.013260828909910649
BTCUSD_4h,long,2012-12-18 12:00:00,2012-12-18 16:00:00,2012-12-19 00:00:00,2,12.86,12.475357873115883,13.126915717125428,0.5588100487909727,0.016680626747374375,stop,0.014954981605136754
BTCUSD_4h,long,2013-01-13 20:00:00,2013-01-14 00:00:00,2013-01-20 16:00:00,40,13.64,13.250228559541146,15.5,4.6225038906876845,0.13182725458174557,temps,0.0142878094009844
BTCUSD_4h,long,2013-02-02 08:00:00,2013-02-02 12:00:00,2013-02-04 16:00:00,13,19.5,18.627688951779813,19.966853837332913,0.44470390516058955,0.01985363271703999,stop,0.022366949954363762
BTCUSD_4h,long,2013-02-17 16:00:00,2013-02-17 20:00:00,2013-02-22 20:00:00,30,25.85,24.637578874266865,30.44775920761634,3.699344719425752,0.17316097743395625,stop,0.023451085604122585
BTCUSD_4h,long,2013-02-23 12:00:00,2013-02-23 16:00:00,2013-02-27 00:00:00,20,28.38,26.94416048646675,30.775927481548678,1.5862605849179654,0.08009406228366309,stop,0.025296679237724627
BTCUSD_4h,long,2013-04-10 16:00:00,2013-04-10 20:00:00,2013-04-11 08:00:00,3,130.0,74.60233994109875,127.60949739453132,-0.05245206380862012,-0.022307090436494204,stop,0.21306792330346636
BTCUSD_4h,long,2013-04-27 16:00:00,2013-04-27 20:00:00,2013-04-28 16:00:00,5,128.06,109.56358826636676,129.98970462118484,0.07642591613442604,0.011016583200477598,stop,0.07221775626125737
BTCUSD_4h,long,2013-05-01 00:00:00,2013-05-01 04:00:00,2013-05-01 16:00:00,3,130.03,115.78277588813306,122.61538215241558,-0.5558913476550523,-0.060786744682512765,stop,0.054784373267195784
BTCUSD_4h,short,2013-05-10 16:00:00,2013-05-10 20:00:00,2013-05-15 04:00:00,26,118.5,127.79345576481607,108.92596161643849,0.9812481697984524,0.077109378760294,stop,0.03921289352243071
BTCUSD_4h,long,2013-05-27 16:00:00,2013-05-27 20:00:00,2013-05-30 16:00:00,17,124.0,119.71429546307286,126.47634674652207,0.4609263275170579,0.015898799602641657,stop,0.017281066681157836
BTCUSD_4h,long,2013-06-02 08:00:00,2013-06-02 12:00:00,2013-06-02 12:00:00,0,122.21,117.85236621086531,117.85236621086531,-1.1101801472209265,-0.03950660598087373,stop,0.017828466529476637
BTCUSD_4h,long,2013-06-02 16:00:00,2013-06-02 20:00:00,2013-06-03 04:00:00,2,120.0,114.58755045732775,118.33701113894719,-0.395322462862961,-0.017794934159436965,stop,0.02255187309446771
BTCUSD_4h,long,2013-06-03 08:00:00,2013-06-03 12:00:00,2013-06-04 08:00:00,5,118.97,113.09895534703608,118.89968409306216,-0.093008196564864,-0.004580695506725155,stop,0.024674475300344306
BTCUSD_4h,long,2013-06-04 12:00:00,2013-06-04 16:00:00,2013-06-06 20:00:00,13,119.32,112.64202352922196,118.48407677782006,-0.19639652542572766,-0.010969774963445296,stop,0.027983474986498634
BTCUSD_4h,short,2013-06-18 08:00:00,2013-06-18 12:00:00,2013-06-19 04:00:00,4,104.76,109.66220590943173,105.50052954444187,-0.2368424796879543,-0.01110516760449836,stop,0.023397317246237694
BTCUSD_4h,short,2013-06-19 08:00:00,2013-06-19 12:00:00,2013-06-20 04:00:00,4,106.51,112.06183414801367,107.34955005990781,-0.22826135043695903,-0.011921967679868457,stop,0.026062501868433313
BTCUSD_4h,short,2013-07-10 16:00:00,2013-07-10 20:00:00,2013-07-10 20:00:00,0,79.6,86.06781430270418,86.06781430270418,-1.051228376867108,-0.08558763168686098,stop,0.04062697426321727
BTCUSD_4h,short,2013-07-11 00:00:00,2013-07-11 04:00:00,2013-07-12 00:00:00,5,85.82,93.22877865896432,90.60634187879835,-0.6936628557984689,-0.060003420527327586,stop,0.04316463912237432
BTCUSD_4h,short,2013-07-12 12:00:00,2013-07-12 16:00:00,2013-07-15 08:00:00,16,90.71,99.28835512287483,93.09365189018605,-0.32072106535086087,-0.03039105654773811,stop,0.04728450624448704
BTCUSD_4h,long,2013-08-08 12:00:00,2013-08-08 16:00:00,2013-08-09 08:00:00,4,93.71,90.72782995376997,92.19324920110434,-0.6332829007136351,-0.020112983906244337,stop,0.015911695903478983
BTCUSD_4h,long,2013-08-09 12:00:00,2013-08-09 16:00:00,2013-08-14 12:00:00,29,92.14,88.12239344380934,98.15049738695973,1.4013110326870533,0.06097980284477502,stop,0.021801641828688156
BTCUSD_4h,long,2013-09-04 16:00:00,2013-09-04 20:00:00,2013-09-04 20:00:00,0,124.03,119.13061993120452,119.13061993120452,-1.0992617908865292,-0.043335897813804675,stop,0.019750786377471075
BTCUSD_4h,long,2013-09-05 00:00:00,2013-09-05 04:00:00,2013-09-05 08:00:00,1,120.92,114.38226922639574,116.95496428165319,-0.6792548975616349,-0.03665168543916232,stop,0.02703328966922041
BTCUSD_4h,long,2013-09-06 16:00:00,2013-09-06 20:00:00,2013-09-08 20:00:00,12,117.07,109.6634454477405,116.61269882945888,-0.12484436071802632,-0.007882642234110613,stop,0.031633016794479746
BTCUSD_4h,long,2013-09-19 20:00:00,2013-09-20 00:00:00,2013-09-20 20:00:00,5,124.18,120.46475172360357,122.13879102698469,-0.6820127126273683,-0.020363898994323226,stop,0.014959124965358521
BTCUSD_4h,long,2013-09-21 04:00:00,2013-09-21 08:00:00,2013-09-28 00:00:00,40,122.93,118.98493693610988,124.27044148808854,0.214455533767337,0.006868558539898679,stop,0.016045973578012386
BTCUSD_4h,long,2013-10-24 04:00:00,2013-10-24 08:00:00,2013-10-25 04:00:00,5,161.5,144.35016949922033,184.2712372521011,1.2874584840120185,0.13644348935316283,stop,0.05309545046681009
BTCUSD_4h,long,2013-11-10 00:00:00,2013-11-10 04:00:00,2013-11-10 12:00:00,2,290.0,245.4467246583262,270.69069626151594,-0.4585675233599899,-0.07031001834609081,stop,0.07681599196840311
BTCUSD_4h,long,2013-12-01 08:00:00,2013-12-01 12:00:00,2013-12-01 16:00:00,1,1003.0,896.2444586006047,928.7598544148473,-0.7316122823243427,-0.07771462587684295,stop,0.05321811635064568
BTCUSD_4h,long,2013-12-01 20:00:00,2013-12-02 00:00:00,2013-12-05 08:00:00,20,955.0,804.8457928372918,1059.2060375238466,0.6671649588895351,0.10468865979956209,stop,0.07861476814801478
BTCUSD_4h,long,2013-12-05 12:00:00,2013-12-05 16:00:00,2013-12-06 12:00:00,5,981.01,842.8958690894392,929.6164034550803,-0.39977697421551783,-0.05617133369862339,stop,0.07039384456354209
BTCUSD_4h,long,2013-12-06 16:00:00,2013-12-06 20:00:00,2013-12-07 00:00:00,1,828.0,677.4907764485131,754.9171495593337,-0.5066047311957691,-0.09190397555105363,stop,0.09088721228954522
BTCUSD_4h,long,2013-12-07 08:00:00,2013-12-07 12:00:00,2013-12-11 08:00:00,23,789.49,578.1557935793935,870.3367008757207,0.3668457122349211,0.09800289157333564,stop,0.13384223132693668
BTCUSD_4h,long,2013-12-15 04:00:00,2013-12-15 08:00:00,2013-12-16 08:00:00,6,824.88,747.7293697588723,804.4882720975704,-0.3065492060493505,-0.02861417167438074,stop,0.046764759868785616
BTCUSD_4h,short,2013-12-26 12:00:00,2013-12-26 16:00:00,2013-12-29 20:00:00,19,734.9,790.1585403992966,730.350619527978,0.02929645302369665,0.0022072710299712735,stop,0.037595958905495094
BTCUSD_4h,short,2014-01-01 00:00:00,2014-01-01 04:00:00,2014-01-02 16:00:00,9,744.98,780.3321583112462,763.4102527247744,-0.6066682843350262,-0.028846429778970475,stop,0.02372691771003661
BTCUSD_4h,short,2014-01-02 20:00:00,2014-01-03 00:00:00,2014-01-03 08:00:00,2,784.19,815.8570036249331,799.1599163908861,-0.5727291548793062,-0.02317418246593779,stop,0.020190899925358014
BTCUSD_4h,long,2014-01-07 20:00:00,2014-01-08 00:00:00,2014-01-12 08:00:00,26,785.0,697.6078004808297,846.5970678516062,0.6674952002221527,0.07416234246907825,stop,0.05566382134978997
BTCUSD_4h,long,2014-01-13 04:00:00,2014-01-13 08:00:00,2014-01-17 00:00:00,22,816.5,755.361660994747,809.1218314964706,-0.17385837331317067,-0.01299227896506125,stop,0.037439276794398645
BTCUSD_4h,long,2014-01-17 08:00:00,2014-01-17 12:00:00,2014-01-17 16:00:00,1,807.5,766.1254605676917,766.1254605676917,-1.0760673342668756,-0.05502529350394412,stop,0.025618909865206412
BTCUSD_4h,long,2014-01-24 00:00:00,2014-01-24 04:00:00,2014-01-27 08:00:00,19,790.46,762.5157719743322,805.0955717607669,0.4095464940642902,0.014449329988209877,stop,0.0176759279569288
BTCUSD_4h,short,2014-02-23 00:00:00,2014-02-23 04:00:00,2014-02-23 08:00:00,1,625.0,668.1259397568822,643.6240869171049,-0.49068693251054624,-0.0339259881217461,stop,0.03450075180550577
BTCUSD_4h,short,2014-02-23 12:00:00,2014-02-23 16:00:00,2014-02-24 16:00:00,6,627.4,670.9004626989323,569.96,1.2653952759300413,0.08791136624540113,gap_stop,0.03466724792710576
BTCUSD_4h,short,2014-03-03 08:00:00,2014-03-03 12:00:00,2014-03-03 16:00:00,1,596.98,633.2631193095913,626.9628965017632,-0.8938256388059165,-0.0544336055520312,stop,0.030388890171857717
BTCUSD_4h,long,2014-03-17 08:00:00,2014-03-17 12:00:00,2014-03-18 04:00:00,4,620.0,603.3693359880691,614.1744899301135,-0.49870883350157896,-0.013350491033653246,stop,0.01341182581607333
BTCUSD_4h,short,2014-03-24 20:00:00,2014-03-25 00:00:00,2014-03-26 12:00:00,9,585.9,614.3339276232987,591.6997593912469,-0.28680381472685396,-0.013946580496766421,stop,0.02426517120950563
BTCUSD_4h,short,2014-04-14 04:00:00,2014-04-14 08:00:00,2014-04-15 04:00:00,5,446.38,480.1912538633775,473.2958543328208,-0.8504625754986433,-0.0645477658158884,stop,0.03787272487944964
BTCUSD_4h,short,2014-04-15 08:00:00,2014-04-15 12:00:00,2014-04-15 20:00:00,2,503.99,544.2361192971771,524.506806945015,-0.5608938440056834,-0.04487993538795872,stop,0.03992749786422064
BTCUSD_4h,short,2014-05-07 12:00:00,2014-05-07 16:00:00,2014-05-09 12:00:00,11,443.3,461.6620132968448,454.5262617452448,-0.7091768238166408,-0.029433815225161163,stop,0.020710594740406933
BTCUSD_4h,short,2014-05-09 20:00:00,2014-05-10 00:00:00,2014-05-14 04:00:00,25,452.37,468.9339530081279,442.60213972611393,0.48164324002362735,0.017671162548440224,stop,0.018307970254579083
BTCUSD_4h,long,2014-06-11 00:00:00,2014-06-11 04:00:00,2014-06-11 20:00:00,4,639.94,620.7981680894544,626.0825846544933,-0.8562117038435865,-0.02555981345247097,stop,0.014955958301204516
BTCUSD_4h,long,2014-06-12 00:00:00,2014-06-12 04:00:00,2014-06-12 16:00:00,3,629.26,606.2844032696956,608.3042048600947,-1.0198178451974864,-0.0371613565762119,stop,0.01825604418706444
BTCUSD_4h,long,2014-06-12 20:00:00,2014-06-13 00:00:00,2014-06-13 12:00:00,3,569.98,540.2077908446166,579.8601226259559,0.2546147093465948,0.013272942484279434,stop,0.02611688932540032
BTCUSD_4h,long,2014-06-13 16:00:00,2014-06-13 20:00:00,2014-06-14 12:00:00,4,578.12,543.3261261417681,561.040434421466,-0.5563590454529693,-0.0334173665527468,stop,0.030092259269902395
BTCUSD_4h,long,2014-06-14 20:00:00,2014-06-15 00:00:00,2014-06-19 20:00:00,29,566.58,530.6415103585863,595.6612137624959,0.7445146304684377,0.04713072237918694,stop,0.03171528260917586
BTCUSD_4h,long,2014-06-20 04:00:00,2014-06-20 08:00:00,2014-06-23 04:00:00,17,589.75,568.9934572289371,587.3460297868806,-0.22923674357400878,-0.00805199651175493,stop,0.017597747156475503
BTCUSD_4h,long,2014-07-04 08:00:00,2014-07-04 12:00:00,2014-07-07 12:00:00,18,623.63,599.9171524492631,619.9940303764224,-0.2582236347291864,-0.009799072676017,stop,0.019011952239899387
BTCUSD_4h,long,2014-07-08 04:00:00,2014-07-08 08:00:00,2014-07-10 04:00:00,11,620.77,600.9757051559603,612.5386626834096,-0.5404564661811361,-0.017198964896948943,stop,0.015943340403079764
BTCUSD_4h,long,2014-07-10 08:00:00,2014-07-10 12:00:00,2014-07-13 16:00:00,19,612.11,597.5913979260012,627.6511452429876,0.8996474237622056,0.021296093592334853,stop,0.01185947139729697
BTCUSD_4h,long,2014-07-14 12:00:00,2014-07-14 16:00:00,2014-07-16 08:00:00,10,620.98,607.4001763706501,613.4511901910134,-0.7362151720262952,-0.016067694218584935,stop,0.01093418759811093
BTCUSD_4h,short,2014-08-01 08:00:00,2014-08-01 12:00:00,2014-08-04 12:00:00,18,594.67,613.687517814717,593.4911241325024,-0.06296544020275917,-0.0020176670639401695,stop,0.015989975797263224
BTCUSD_4h,short,2014-08-08 00:00:00,2014-08-08 04:00:00,2014-08-10 08:00:00,13,592.5,605.2726891089578,594.296937666508,-0.3265194593138651,-0.007052977756087704,stop,0.010778640598276653
BTCUSD_4h,short,2014-08-20 12:00:00,2014-08-20 16:00:00,2014-08-24 16:00:00,24,507.07,543.6833709058748,510.82016437810665,-0.1580281892573435,-0.011433411139360965,stop,0.03610287623589921
BTCUSD_4h,short,2014-08-27 04:00:00,2014-08-27 08:00:00,2014-08-29 12:00:00,13,521.23,537.914196710001,514.3596176565187,0.2876496358551992,0.009225909386772865,stop,0.016004639707999306
BTCUSD_4h,short,2014-09-04 12:00:00,2014-09-04 16:00:00,2014-09-08 12:00:00,23,491.88,507.2538118616186,469.1895551088729,1.3508885088387415,0.04230691557325702,stop,0.015627604153064353
BTCUSD_4h,short,2014-09-10 12:00:00,2014-09-10 16:00:00,2014-09-13 04:00:00,15,484.83,499.99205601050704,475.3607036107722,0.4978820139415802,0.015601433632701318,stop,0.015636466401116968
BTCUSD_4h,short,2014-09-23 16:00:00,2014-09-23 20:00:00,2014-09-29 16:00:00,35,438.0,463.37519878940725,385.65253913827337,1.9980200432800008,0.11598575183117399,stop,0.028967121905716035
BTCUSD_4h,short,2014-10-08 12:00:00,2014-10-08 16:00:00,2014-10-09 08:00:00,4,349.9,380.5090189719085,369.98496890717314,-0.7032155739699416,-0.0616401103005883,stop,0.04373966700758578
BTCUSD_4h,short,2014-10-09 12:00:00,2014-10-09 16:00:00,2014-10-12 16:00:00,18,383.77,414.90003888085255,370.19091026458034,0.38776591192487175,0.031517207265171376,stop,0.040558197463132266
BTCUSD_4h,short,2014-10-12 20:00:00,2014-10-13 00:00:00,2014-10-13 20:00:00,5,378.48,401.1375705852759,389.8347968570886,-0.5689677276865803,-0.03412930927063047,stop,0.02993232216401908
BTCUSD_4h,short,2014-10-14 00:00:00,2014-10-14 04:00:00,2014-10-18 12:00:00,26,396.45,419.7798064097071,390.5167096365286,0.1868578276065117,0.011018017733533251,stop,0.029423390603742067
BTCUSD_4h,short,2014-11-05 08:00:00,2014-11-05 12:00:00,2014-11-06 12:00:00,6,337.55,351.3765962200494,349.2384880734086,-0.9447057570549859,-0.03877423058101204,stop,0.020480812057546136
BTCUSD_4h,short,2014-11-06 16:00:00,2014-11-06 20:00:00,2014-11-09 08:00:00,15,348.28,361.84701267554107,350.4107777269827,-0.26005424825741513,-0.01015053905455525,stop,0.01947716302334483
BTCUSD_4h,long,2014-11-15 16:00:00,2014-11-15 20:00:00,2014-11-17 16:00:00,11,373.95,341.78560321548787,387.29831190436437,0.36766787077598834,0.031560932902361116,stop,0.043006279963246616
BTCUSD_4h,long,2014-12-04 12:00:00,2014-12-04 16:00:00,2014-12-08 04:00:00,21,369.8,357.3926986420369,369.40294120026203,-0.15115814696761704,-0.005061441967710062,stop,0.016775691398003084
BTCUSD_4h,short,2014-12-20 08:00:00,2014-12-20 12:00:00,2014-12-22 04:00:00,10,329.0,343.68611299925254,331.4728171367233,-0.2583231363662962,-0.011554302437692255,stop,0.02231932066755704
BTCUSD_4h,short,2014-12-23 16:00:00,2014-12-23 20:00:00,2014-12-26 16:00:00,17,337.25,350.16487452899815,327.130739644041,0.6806491891913709,0.02611746510566242,stop,0.019147330658262608
BTCUSD_4h,short,2014-12-31 20:00:00,2015-01-01 00:00:00,2015-01-04 16:00:00,22,321.0,330.5995750735598,272.0016557195701,4.980672644634117,0.14924659589893408,stop,0.014952609148846963
BTCUSD_4h,short,2015-01-09 20:00:00,2015-01-10 00:00:00,2015-01-11 00:00:00,6,293.89,301.0807839718099,280.59842178750296,1.688633870315766,0.04139962312225931,stop,0.012233801714604024
BTCUSD_4h,short,2015-01-21 20:00:00,2015-01-22 00:00:00,2015-01-24 12:00:00,15,227.75,244.14072669811162,239.39238478233156,-0.7673039629991019,-0.055332045218411494,stop,0.03598403226808256
BTCUSD_4h,short,2015-01-24 16:00:00,2015-01-24 20:00:00,2015-01-25 20:00:00,6,246.67,260.9993011643573,255.8510883650507,-0.7108602453773403,-0.0413773204242061,stop,0.029045488231964386
BTCUSD_4h,short,2015-02-02 20:00:00,2015-02-03 00:00:00,2015-02-06 16:00:00,22,238.38,256.2847986077418,225.39755749806844,0.6732769047579816,0.05067138802706263,stop,0.0375551611035779
BTCUSD_4h,long,2015-02-16 00:00:00,2015-02-16 04:00:00,2015-02-18 12:00:00,14,230.6,213.61275234800232,236.19136798392998,0.2741930501857595,0.02015823187952856,stop,0.036832713902857056
BTCUSD_4h,long,2015-02-22 12:00:00,2015-02-22 16:00:00,2015-02-26 00:00:00,20,238.34,229.70687734076,235.08478285941183,-0.48673775088895976,-0.01759536522451863,stop,0.018110939538558343
BTCUSD_4h,long,2015-03-13 20:00:00,2015-03-14 00:00:00,2015-03-17 12:00:00,21,283.25,272.81806682844285,287.2371942079401,0.2728372366575811,0.010028380377899833,stop,0.01841470992331363
BTCUSD_4h,long,2015-03-17 20:00:00,2015-03-18 00:00:00,2015-03-18 08:00:00,2,282.8,275.35439774502754,276.5523123413758,-0.9893615091227069,-0.02599607109439887,stop,0.01316407753708005
BTCUSD_4h,long,2015-03-18 12:00:00,2015-03-18 16:00:00,2015-03-18 16:00:00,0,272.3,262.93000400863525,262.93000400863525,-1.1142433795066504,-0.03826521030426125,stop,0.01720528092428346
BTCUSD_4h,short,2015-04-03 16:00:00,2015-04-03 20:00:00,2015-04-05 12:00:00,10,254.07,260.8493423952824,256.25299522643803,-0.4725592882165487,-0.01263455480603798,stop,0.01334148540812063
BTCUSD_4h,short,2015-04-05 16:00:00,2015-04-05 20:00:00,2015-04-06 00:00:00,1,256.97,262.6823434812261,262.5414618039956,-1.1572281585183577,-0.025776285916595577,stop,0.011114806166529293
BTCUSD_4h,short,2015-04-06 04:00:00,2015-04-06 08:00:00,2015-04-11 00:00:00,28,258.04,264.039678800384,238.52473796297477,3.0871873607490157,0.07192393064341095,stop,0.01162548209654314
BTCUSD_4h,short,2015-04-21 20:00:00,2015-04-22 00:00:00,2015-04-23 08:00:00,8,235.71,241.45117491203717,235.23217659391776,-0.08083030986089582,-0.00197272465726313,stop,0.012178471240161994
BTCUSD_4h,short,2015-04-23 12:00:00,2015-04-23 16:00:00,2015-04-26 20:00:00,19,235.42,241.40223389985766,221.63895776521295,2.1508561073753287,0.0547647172658826,stop,0.01270544962164996
BTCUSD_4h,short,2015-04-30 04:00:00,2015-04-30 08:00:00,2015-04-30 12:00:00,1,229.37,235.95575649173404,235.95575649173404,-1.1413127731266044,-0.03283546648040601,stop,0.01435618540291674
BTCUSD_4h,long,2015-05-13 20:00:00,2015-05-14 00:00:00,2015-05-14 20:00:00,5,235.97,229.81066579462836,233.703279148727,-0.5205217484016996,-0.01355963924830949,stop,0.013051095913403468
BTCUSD_4h,long,2015-05-18 20:00:00,2015-05-19 00:00:00,2015-05-22 08:00:00,20,233.03,228.42593205656476,233.5425784220073,-0.09134676985737822,-0.0018011727257269843,stop,0.009878702191638913
BTCUSD_4h,long,2015-05-25 16:00:00,2015-05-25 20:00:00,2015-05-27 12:00:00,10,235.5,231.2039047705729,234.09219706900632,-0.5463070997717792,-0.009946083735423814,stop,0.009121221293900392
BTCUSD_4h,short,2015-06-08 16:00:00,2015-06-08 20:00:00,2015-06-09 08:00:00,3,229.2,233.04360530175447,230.5683093469222,-0.5952343661748373,-0.010001879700133564,stop,0.008384828319708729
BTCUSD_4h,short,2015-06-09 12:00:00,2015-06-09 16:00:00,2015-06-12 04:00:00,15,229.44,233.2917055083156,229.74594405192155,-0.3178633302525804,-0.005346798635736456,stop,0.008393709702570602
BTCUSD_4h,short,2015-06-12 12:00:00,2015-06-12 16:00:00,2015-06-13 20:00:00,7,230.55,233.43925986955963,230.6010265979061,-0.33687819547026343,-0.004230228625117919,stop,0.006266015765689951
BTCUSD_4h,short,2015-06-14 00:00:00,2015-06-14 04:00:00,2015-06-14 08:00:00,1,232.11,234.66517089309252,233.78123011501447,-1.0187234764928308,-0.011237038616652078,stop,0.005504224059912328
BTCUSD_4h,short,2015-06-14 16:00:00,2015-06-14 20:00:00,2015-06-15 04:00:00,2,232.01,234.81719481147476,233.72355062826142,-0.942228062942441,-0.011423293678076147,stop,0.006049728053693321
BTCUSD_4h,long,2015-06-24 12:00:00,2015-06-24 16:00:00,2015-06-28 16:00:00,24,240.0,234.68175647939324,247.53280356196188,1.2330646254592326,0.02726936940634548,stop,0.011079674001264094
BTCUSD_4h,long,2015-07-13 04:00:00,2015-07-13 08:00:00,2015-07-15 20:00:00,15,284.95,269.47073215299645,285.78404916409283,-0.01986004359339876,-0.0010766988018536927,stop,0.02716137541148191
BTCUSD_4h,long,2015-07-16 12:00:00,2015-07-16 16:00:00,2015-07-19 12:00:00,17,276.47,264.29036063151426,275.91389584600955,-0.13636462422523654,-0.005995431084813621,stop,0.022027054234610904
BTCUSD_4h,long,2015-07-30 08:00:00,2015-07-30 12:00:00,2015-07-31 04:00:00,4,286.36,280.0975585034482,283.4811356834909,-0.6416900804724187,-0.014005187654709195,stop,0.010934560512208001
BTCUSD_4h,long,2015-07-31 08:00:00,2015-07-31 12:00:00,2015-08-01 04:00:00,4,284.4,278.4302649515814,280.23125076480477,-0.8874785386209632,-0.01859155015119145,stop,0.010495314782733092
BTCUSD_4h,long,2015-08-01 12:00:00,2015-08-01 16:00:00,2015-08-06 00:00:00,26,278.81,272.321002787734,280.47588254580455,0.08434443147523545,0.001959106000591487,stop,0.011636952068193356
BTCUSD_4h,short,2015-08-11 20:00:00,2015-08-12 00:00:00,2015-08-14 20:00:00,17,271.15,276.90591523324895,266.8264797364282,0.5642138864970333,0.012001015876853762,stop,0.010613894953437146
BTCUSD_4h,short,2015-08-28 16:00:00,2015-08-28 20:00:00,2015-08-31 16:00:00,17,233.15,243.04587371831678,232.104035602056,0.011667118035892522,0.000496194304714462,stop,0.02122211820355305
BTCUSD_4h,short,2015-09-05 12:00:00,2015-09-05 16:00:00,2015-09-06 00:00:00,2,233.94,238.5769091158087,238.5769091158087,-1.2038068451697062,-0.023908391862978388,stop,0.00991046660641336
BTCUSD_4h,short,2015-09-06 04:00:00,2015-09-06 08:00:00,2015-09-06 12:00:00,1,239.13,244.86447212767106,244.08200983283743,-1.0320799754077377,-0.024799458208446812,stop,0.011990281703824419
BTCUSD_4h,short,2015-09-06 16:00:00,2015-09-06 20:00:00,2015-09-08 00:00:00,7,240.02,245.83459011096696,243.8677163201599,-0.8281738971965814,-0.02010308323003894,stop,0.012112720004514117
BTCUSD_4h,short,2015-09-08 08:00:00,2015-09-08 12:00:00,2015-09-10 12:00:00,12,244.1,249.8926941528394,240.5653436804242,0.44285535616574495,0.010530383307437989,stop,0.011865412029576833
BTCUSD_4h,short,2015-09-17 16:00:00,2015-09-17 20:00:00,2015-09-22 08:00:00,27,233.08,238.7951045188496,227.94514202333522,0.7371357214419133,0.018110735339815238,stop,0.012259963357751799
BTCUSD_4h,long,2015-10-13 00:00:00,2015-10-13 04:00:00,2015-10-15 08:00:00,13,243.71,240.2999372674967,251.36806827072772,1.955363480744928,0.027305415979359045,stop,0.006996148562847908
BTCUSD_4h,long,2015-11-06 00:00:00,2015-11-06 04:00:00,2015-11-10 12:00:00,26,360.0,292.1249045959941,367.506167557228,0.08915133284300945,0.01677521407771554,stop,0.09427096583889708
BTCUSD_4h,long,2015-11-10 16:00:00,2015-11-10 20:00:00,2015-11-11 00:00:00,1,352.4,322.9118995774058,323.5567638933054,-1.0239774418071774,-0.08551328000775164,stop,0.041838962007086
BTCUSD_4h,long,2015-11-11 04:00:00,2015-11-11 08:00:00,2015-11-15 08:00:00,24,312.44,277.54379131616633,332.57,0.5398861569946981,0.06017915519620076,gap_stop,0.055844656068098894
BTCUSD_4h,long,2015-11-15 12:00:00,2015-11-15 16:00:00,2015-11-17 08:00:00,10,319.82,296.59868065984847,331.1171712939972,0.43043622134451875,0.031190501716251123,stop,0.036303732318415875
BTCUSD_4h,long,2015-12-02 00:00:00,2015-12-02 04:00:00,2015-12-04 00:00:00,11,352.32,336.5684605701363,356.0558592880846,0.14723053450328813,0.006569251283730355,stop,0.02235402394110988
BTCUSD_4h,long,2015-12-20 16:00:00,2015-12-20 20:00:00,2015-12-21 00:00:00,1,441.53,426.87279172060613,430.35259231199143,-0.8815575671936154,-0.029206128934422853,stop,0.016598202024091072
BTCUSD_4h,long,2015-12-21 04:00:00,2015-12-21 08:00:00,2015-12-21 12:00:00,1,435.85,419.73402092207425,432.73659085621176,-0.3009796861888817,-0.011106804002413165,stop,0.01848798792924834
BTCUSD_4h,long,2015-12-21 16:00:00,2015-12-21 20:00:00,2015-12-26 00:00:00,25,436.03,418.0238972178561,448.537621490018,0.5963803704201379,0.024578703627623214,stop,0.020647779719450414
BTCUSD_4h,long,2015-12-26 04:00:00,2015-12-26 08:00:00,2015-12-26 08:00:00,0,442.82,430.3387654684339,430.3387654684339,-1.139915448789966,-0.03206529460049906,stop,0.014092898391633293
BTCUSD_4h,long,2015-12-26 12:00:00,2015-12-26 16:00:00,2015-12-30 12:00:00,23,423.39,406.8638334906394,421.89029001789277,-0.19304359303992516,-0.007520023516450039,stop,0.019516481859940687
BTCUSD_4h,long,2016-01-03 16:00:00,2016-01-03 20:00:00,2016-01-06 00:00:00,13,425.24,416.2260831622351,428.48867139823284,0.1709816146715753,0.003617105116820122,stop,0.010598622939710398
BTCUSD_4h,short,2016-01-20 12:00:00,2016-01-20 16:00:00,2016-01-20 20:00:00,1,412.55,431.3453684142269,421.1642706703535,-0.5470336619691698,-0.02497225504625593,stop,0.022779503592566825
BTCUSD_4h,short,2016-01-21 00:00:00,2016-01-21 04:00:00,2016-01-23 04:00:00,12,416.59,436.0669476698456,394.25521190597067,1.0634673369424064,0.049820223442678196,stop,0.023376638505299762
BTCUSD_4h,short,2016-01-24 16:00:00,2016-01-24 20:00:00,2016-01-29 04:00:00,26,404.14,421.868864049944,377.3146915125863,1.4249304993947545,0.062634297903444,stop,0.02193406251539571
BTCUSD_4h,short,2016-02-04 12:00:00,2016-02-04 16:00:00,2016-02-09 12:00:00,29,384.7,394.6153614835313,376.91026043098503,0.6320010680963303,0.016322009884476484,stop,0.012887134758943736
BTCUSD_4h,short,2016-02-10 12:00:00,2016-02-10 16:00:00,2016-02-12 08:00:00,10,379.82,387.5430572396881,381.125618586712,-0.3661127628777741,-0.00745926011331126,stop,0.010166733241651457
BTCUSD_4h,short,2016-02-12 12:00:00,2016-02-12 16:00:00,2016-02-13 04:00:00,3,382.25,389.7197425569098,387.65289026590693,-0.929442479917395,-0.01819910860685073,stop,0.009770755470124001
BTCUSD_4h,short,2016-02-13 08:00:00,2016-02-13 12:00:00,2016-02-14 00:00:00,3,388.2,395.76742708243347,393.7544450802137,-0.9406570942583982,-0.018373568286429085,stop,0.009746814892366703
BTCUSD_4h,long,2016-02-23 08:00:00,2016-02-23 12:00:00,2016-02-24 04:00:00,4,422.99,408.9082230212145,411.06304518134414,-0.9654364594397291,-0.03207623125582347,stop,0.016645519963575398
BTCUSD_4h,long,2016-02-24 08:00:00,2016-02-24 12:00:00,2016-02-28 00:00:00,21,416.6,402.70322895896976,425.40925408383237,0.5127259817857991,0.0170691635827354,stop,0.0166787938562533
BTCUSD_4h,long,2016-03-02 20:00:00,2016-03-03 00:00:00,2016-03-04 16:00:00,10,422.4,411.3484514062173,414.4520464538198,-0.8706162360359845,-0.022733079388306383,stop,0.013081852028625324
BTCUSD_4h,long,2016-03-04 20:00:00,2016-03-05 00:00:00,2016-03-05 12:00:00,3,408.18,397.2758461770181,398.08246138881515,-1.0739085053332584,-0.028631216996558247,stop,0.013357040794480295
BTCUSD_4h,short,2016-03-23 12:00:00,2016-03-23 16:00:00,2016-03-27 04:00:00,21,417.07,422.98690237698725,416.908801858007,-0.25465342601954494,-0.003619965520805903,stop,0.007093416425285015
BTCUSD_4h,long,2016-04-27 16:00:00,2016-04-27 20:00:00,2016-04-28 00:00:00,1,453.65,442.8074623718781,442.8074623718781,-1.165359345407627,-0.0277972712194165,stop,0.011950333548023658
BTCUSD_4h,long,2016-04-28 04:00:00,2016-04-28 08:00:00,2016-04-30 16:00:00,14,445.61,432.5961387868135,447.657816035752,0.02007708545529339,0.0005851728774234329,stop,0.014602299334829212
BTCUSD_4h,long,2016-05-02 08:00:00,2016-05-02 12:00:00,2016-05-07 04:00:00,28,442.86,433.69507987473025,456.3226452296493,1.2727093940545047,0.026285954801299288,stop,0.01034742370644197
BTCUSD_4h,long,2016-05-10 08:00:00,2016-05-10 12:00:00,2016-05-12 04:00:00,10,453.07,444.7036377732269,450.45827799537597,-0.5281600821052544,-0.009733503969205921,stop,0.00923296866573938
BTCUSD_4h,long,2016-06-21 00:00:00,2016-06-21 04:00:00,2016-06-21 08:00:00,1,695.0,652.1561471418556,670.5164223460088,-0.6352045552203383,-0.0390795538400655,stop,0.030822915725283753
BTCUSD_4h,long,2016-06-21 12:00:00,2016-06-21 16:00:00,2016-06-22 16:00:00,6,664.52,612.807425390181,631.1798549605386,-0.6948318667266642,-0.05396350011915974,stop,0.03890972025659046
BTCUSD_4h,long,2016-06-22 20:00:00,2016-06-23 00:00:00,2016-06-23 00:00:00,0,600.51,543.959109634342,543.959109634342,-1.0404757238032567,-0.09778752030322901,stop,0.04708571911013808
BTCUSD_4h,long,2016-06-23 04:00:00,2016-06-23 08:00:00,2016-06-26 12:00:00,19,590.01,527.3542833071622,634.3697302275986,0.6689089675983898,0.0708925545920808,stop,0.05309716504198048
BTCUSD_4h,long,2016-07-03 12:00:00,2016-07-03 16:00:00,2016-07-07 04:00:00,21,656.25,624.3605948532575,660.0641602496082,0.037050924081904156,0.0017968359343926118,stop,0.024296689635613374
BTCUSD_4h,short,2016-08-06 20:00:00,2016-08-07 00:00:00,2016-08-10 12:00:00,21,589.47,615.670887972372,595.2479288016185,-0.310957577766556,-0.013849206988155989,stop,0.02222410637723044
BTCUSD_4h,short,2016-08-21 04:00:00,2016-08-21 08:00:00,2016-08-22 12:00:00,7,580.02,590.5739430927443,581.6739308365284,-0.376856181926522,-0.006870951478836832,stop,0.009097913082949168
BTCUSD_4h,short,2016-08-22 16:00:00,2016-08-22 20:00:00,2016-08-26 04:00:00,20,581.95,591.7926240376189,579.5446021514656,0.008372629485439551,0.00014189155737622468,stop,0.008456589086363783
BTCUSD_4h,long,2016-09-11 16:00:00,2016-09-11 20:00:00,2016-09-15 16:00:00,23,599.45,587.3066443042451,603.2795489159678,0.1172731701035205,0.0023709188814560822,stop,0.01012874776524727
BTCUSD_4h,long,2016-09-17 12:00:00,2016-09-17 16:00:00,2016-09-19 16:00:00,12,602.78,595.7784437556835,603.4482396414757,-0.2491184498050865,-0.002887845262074219,stop,0.005807721095852936
BTCUSD_4h,long,2016-09-20 20:00:00,2016-09-21 00:00:00,2016-09-21 00:00:00,0,600.85,594.4251406956121,594.4251406956121,-1.372078230531598,-0.014642280033058779,stop,0.005346475247056626
BTCUSD_4h,long,2016-09-21 04:00:00,2016-09-21 08:00:00,2016-09-25 12:00:00,25,595.4,588.2796876406043,598.0713414135514,0.03994188967693772,0.00047670653104995865,stop,0.0059794359753071215
BTCUSD_4h,long,2016-10-19 12:00:00,2016-10-19 16:00:00,2016-10-24 00:00:00,26,625.75,616.9605050700329,646.5751324746153,2.079810313939692,0.029155404268835342,stop,0.0070231681422030425
BTCUSD_4h,long,2016-11-03 16:00:00,2016-11-03 20:00:00,2016-11-03 20:00:00,0,702.98,673.1658469809082,673.1658469809082,-1.09231493821741,-0.046233807262503736,stop,0.021205548535585546
BTCUSD_4h,long,2016-11-04 00:00:00,2016-11-04 04:00:00,2016-11-09 12:00:00,32,699.25,665.841776223334,721.099790560805,0.5689943621893573,0.02713070959216123,stop,0.023888611924680676
BTCUSD_4h,long,2016-11-12 12:00:00,2016-11-12 16:00:00,2016-11-13 00:00:00,2,703.01,689.4027049822105,692.9385058264978,-0.9453305134002143,-0.018261071327076203,stop,0.0096778815506106
BTCUSD_4h,long,2016-11-13 04:00:00,2016-11-13 08:00:00,2016-11-17 08:00:00,24,690.0,676.5079463503986,733.6893306385342,3.027111590122066,0.05907308857250306,stop,0.00977685047072563
BTCUSD_4h,long,2016-11-20 12:00:00,2016-11-20 16:00:00,2016-11-23 04:00:00,15,729.24,713.2022975767887,736.2929433285491,0.2570117173346761,0.005641010012627951,stop,0.010996175760525495
BTCUSD_4h,long,2016-11-26 08:00:00,2016-11-26 12:00:00,2016-11-29 00:00:00,15,727.0,714.845478102847,722.2802599567973,-0.6267873493979791,-0.010458176580973179,stop,0.008359368567505495
BTCUSD_4h,long,2016-12-05 04:00:00,2016-12-05 08:00:00,2016-12-11 00:00:00,34,747.46,733.8887743473571,765.3741527842207,1.0970626279250417,0.019879012849868493,stop,0.009078228702969383
BTCUSD_4h,long,2017-01-05 12:00:00,2017-01-05 16:00:00,2017-01-06 08:00:00,4,992.84,909.7954479741003,935.048421977668,-0.7423407479765917,-0.061967997113109706,stop,0.041821719524747065
BTCUSD_4h,long,2017-01-06 12:00:00,2017-01-06 16:00:00,2017-01-07 04:00:00,3,912.0,811.4256109460688,824.2053482137021,-0.9074582837762496,-0.09987378585233617,stop,0.055139467683076336
BTCUSD_4h,long,2017-01-07 08:00:00,2017-01-07 12:00:00,2017-01-11 08:00:00,23,874.01,773.4128279976325,896.2590447948477,0.18597447952928187,0.021362643878794222,stop,0.0575492111087788
BTCUSD_4h,long,2017-02-09 12:00:00,2017-02-09 16:00:00,2017-02-13 08:00:00,22,979.04,930.118784446099,989.6871178009185,0.13715242945923928,0.006839629660963909,stop,0.024984278249050612
BTCUSD_4h,long,2017-03-07 08:00:00,2017-03-07 12:00:00,2017-03-08 00:00:00,3,1212.21,1168.933083577108,1219.9785694675315,0.06710719174668565,0.0023910011776187845,stop,0.0178504204811427
BTCUSD_4h,long,2017-03-08 04:00:00,2017-03-08 08:00:00,2017-03-08 20:00:00,3,1186.31,1130.7925420408817,1168.8237890379617,-0.3998107866620871,-0.018673174964158566,stop,0.023399220254030705
BTCUSD_4h,long,2017-03-09 00:00:00,2017-03-09 04:00:00,2017-03-10 16:00:00,9,1152.02,1091.0943999560916,1239.72,1.3609471214110815,0.07183123380155887,gap_stop,0.02644294371795121
BTCUSD_4h,long,2017-03-16 16:00:00,2017-03-16 20:00:00,2017-03-16 20:00:00,0,1188.62,1144.5147063007698,1144.5147063007698,-1.1057983979071226,-0.04095018986931633,stop,0.018553151427382224
BTCUSD_4h,long,2017-03-17 12:00:00,2017-03-17 16:00:00,2017-03-17 20:00:00,1,1159.64,1094.03979046404,1097.7226625737512,-1.0126806487558586,-0.05717245336807019,stop,0.028284730405970904
BTCUSD_4h,short,2017-03-27 12:00:00,2017-03-27 16:00:00,2017-03-28 12:00:00,5,1028.2,1092.8506537054275,1066.6552721452542,-0.6596218328100916,-0.04155849404463914,stop,0.03143875399019033
BTCUSD_4h,short,2017-03-28 20:00:00,2017-03-29 00:00:00,2017-03-31 12:00:00,15,1042.83,1100.8639842941413,1051.1334137855752,-0.21524182364999814,-0.01200231424092717,stop,0.0278252372362424
BTCUSD_4h,short,2017-03-31 16:00:00,2017-03-31 20:00:00,2017-04-03 00:00:00,13,1068.4,1114.3867700498074,1100.3179942984013,-0.7883882744478581,-0.03400232727435218,stop,0.02152132630560053
BTCUSD_4h,short,2017-04-03 04:00:00,2017-04-03 08:00:00,2017-04-03 20:00:00,3,1117.14,1161.4220371668948,1151.59690074915,-0.880591252016753,-0.03497549061874775,stop,0.01981937678665826
BTCUSD_4h,long,2017-04-13 04:00:00,2017-04-13 08:00:00,2017-04-13 16:00:00,2,1193.0,1162.716831214915,1167.3313432709924,-1.0035052682636305,-0.025422181132746753,stop,0.012692023799281305
BTCUSD_4h,long,2017-04-13 20:00:00,2017-04-14 00:00:00,2017-04-14 08:00:00,2,1172.56,1137.1598254979483,1156.7330128018023,-0.5786856565527405,-0.017435938336707,stop,0.01509525077695457
BTCUSD_4h,long,2017-04-14 16:00:00,2017-04-14 20:00:00,2017-04-16 12:00:00,10,1166.28,1125.2365266492563,1160.855398000873,-0.24556578603857698,-0.008624648698905602,stop,0.017595891788740065
BTCUSD_4h,long,2017-05-12 16:00:00,2017-05-12 20:00:00,2017-05-13 00:00:00,1,1679.99,1567.3200981943708,1617.4008054662013,-0.6140413281275666,-0.04109898533680507,stop,0.03353290847136867
BTCUSD_4h,long,2017-05-16 00:00:00,2017-05-16 04:00:00,2017-05-21 12:00:00,32,1667.42,1561.4157861474325,1973.9508576323428,2.8229832102078274,0.17910953106505928,stop,0.03178689647856193
BTCUSD_4h,long,2017-05-27 04:00:00,2017-05-27 08:00:00,2017-06-03 00:00:00,40,2125.0,1798.2010015393075,2461.79,1.0025012975656524,0.15386470353410817,temps,0.07689388199075116
BTCUSD_4h,long,2017-06-12 08:00:00,2017-06-12 12:00:00,2017-06-12 16:00:00,1,2736.12,2593.9097278380764,2662.6318901353566,-0.5926830204568116,-0.030743307635315624,stop,0.025987579521717517
BTCUSD_4h,long,2017-06-12 20:00:00,2017-06-13 00:00:00,2017-06-14 12:00:00,9,2656.97,2472.1392828207922,2637.347240467712,-0.16345440019004664,-0.011347923322267243,stop,0.0347822363781314
BTCUSD_4h,long,2017-06-14 16:00:00,2017-06-14 20:00:00,2017-06-14 20:00:00,0,2542.45,2354.52828387267,2354.52828387267,-1.052117215453211,-0.07761058452823365,stop,0.0369568164816083
BTCUSD_4h,long,2017-06-15 00:00:00,2017-06-15 04:00:00,2017-06-15 04:00:00,0,2474.62,2263.773418237149,2263.773418237149,-1.0449463622186357,-0.08885550161096734,stop,0.042601809926948564
BTCUSD_4h,long,2017-06-16 00:00:00,2017-06-16 04:00:00,2017-06-18 16:00:00,15,2373.14,2111.8260043524374,2473.661501479608,0.3475814536897199,0.038196905899406136,stop,0.05505659077162798
BTCUSD_4h,long,2017-06-24 20:00:00,2017-06-25 00:00:00,2017-06-25 16:00:00,4,2557.66,2423.693671053102,2504.1416039917654,-0.47505966399545474,-0.02483323400204188,stop,0.026189237222089237
BTCUSD_4h,short,2017-07-17 20:00:00,2017-07-18 00:00:00,2017-07-18 12:00:00,3,2226.0,2408.534807919974,2342.9208930685472,-0.6906010765352258,-0.05674364670701901,stop,0.041000630709787454
BTCUSD_4h,short,2017-07-18 16:00:00,2017-07-18 20:00:00,2017-07-20 08:00:00,9,2359.97,2545.650414591076,2399.9872079356746,-0.2667870085309852,-0.02103263818685404,stop,0.03933957096723178
BTCUSD_4h,long,2017-07-25 08:00:00,2017-07-25 12:00:00,2017-07-26 12:00:00,6,2570.7,2383.3747112236665,2416.6750889934046,-0.8754806265394185,-0.06366838470124045,stop,0.03643468486722161
BTCUSD_4h,long,2017-08-19 08:00:00,2017-08-19 12:00:00,2017-08-22 00:00:00,15,3955.05,3627.2727777888285,3895.7018123144153,-0.22896554801438512,-0.018937786254828504,stop,0.04143781016816115
BTCUSD_4h,long,2017-08-22 04:00:00,2017-08-22 08:00:00,2017-08-26 12:00:00,25,3794.55,3533.175032046613,4244.160428448541,1.6586630731561052,0.11402344737772575,stop,0.034440838564966464
BTCUSD_4h,long,2017-09-03 12:00:00,2017-09-03 16:00:00,2017-09-04 04:00:00,3,4463.2,4237.02150718255,4399.9076717492935,-0.3582062228153378,-0.018116335798157416,stop,0.02533815343446973
BTCUSD_4h,long,2017-09-04 08:00:00,2017-09-04 12:00:00,2017-09-04 16:00:00,1,4288.67,4039.646410845054,4118.763810070407,-0.7498127313294539,-0.04345131726807557,stop,0.029032729162531287
BTCUSD_4h,long,2017-09-04 20:00:00,2017-09-05 00:00:00,2017-09-08 12:00:00,21,4282.53,3998.0547137851977,4448.3769291058325,0.5216098636265296,0.0345797781621787,stop,0.03321346099324489
BTCUSD_4h,long,2017-09-08 16:00:00,2017-09-08 20:00:00,2017-09-10 04:00:00,8,4196.1,3904.26464805554,4097.729202672117,-0.3939154559832274,-0.02734181686274213,stop,0.034774594497802784
BTCUSD_4h,short,2017-09-18 04:00:00,2017-09-18 08:00:00,2017-09-23 08:00:00,30,3944.42,4306.1293068726245,3746.6615105564833,0.5042068947554815,0.04632919669875127,stop,0.04585075966461798
BTCUSD_4h,short,2017-09-25 12:00:00,2017-09-25 16:00:00,2017-09-27 08:00:00,10,3930.01,4130.580734650909,4006.2635157077802,-0.459319565735949,-0.023488663923860384,stop,0.025517840240980152
BTCUSD_4h,short,2017-09-27 12:00:00,2017-09-27 16:00:00,2017-09-28 04:00:00,3,4070.69,4236.164715074566,4236.164715074566,-1.1004002902960912,-0.044821229611453864,stop,0.020325143289536333
BTCUSD_4h,long,2017-10-04 12:00:00,2017-10-04 16:00:00,2017-10-10 20:00:00,37,4217.84,4066.652081504561,4743.046177503473,3.355323693829209,0.12003107311458354,stop,0.017922434053382653
BTCUSD_4h,long,2017-10-18 04:00:00,2017-10-18 08:00:00,2017-10-21 16:00:00,20,5289.5,4994.1290001734005,5892.499672893991,1.9657842980152829,0.10955226772057626,stop,0.027920502866679194
BTCUSD_4h,long,2017-10-24 00:00:00,2017-10-24 04:00:00,2017-10-25 00:00:00,5,5648.47,5265.25191611602,5411.728626775031,-0.675494663129963,-0.04573717844263729,stop,0.0339222908047649
BTCUSD_4h,long,2017-10-25 08:00:00,2017-10-25 12:00:00,2017-10-27 12:00:00,12,5534.3,5183.2126033247005,5695.846713564133,0.3961589662691251,0.02508154645247658,stop,0.03171922344969552
BTCUSD_4h,long,2017-11-06 16:00:00,2017-11-06 20:00:00,2017-11-08 16:00:00,11,7032.0,6626.7055018052615,7172.418126056267,0.2763651870505676,0.01589671762904152,stop,0.028817868187908043
BTCUSD_4h,long,2017-11-10 08:00:00,2017-11-10 12:00:00,2017-11-10 20:00:00,2,6880.09,6423.228581047358,6460.233470392875,-0.9774018072517492,-0.0647732638349723,stop,0.03320170368066715
BTCUSD_4h,long,2017-11-11 00:00:00,2017-11-11 04:00:00,2017-11-11 12:00:00,2,6777.41,6281.456920899978,6330.900712264266,-0.9531665979735263,-0.06961100840458524,stop,0.03658868794274077
BTCUSD_4h,long,2017-11-11 16:00:00,2017-11-11 20:00:00,2017-11-12 04:00:00,2,6356.7,5852.503507596425,6001.060399910966,-0.75437875237023,-0.05971587915597609,stop,0.03965866663548495
BTCUSD_4h,long,2017-11-12 12:00:00,2017-11-12 16:00:00,2017-11-12 20:00:00,1,6255.0,5639.759185804277,5675.9135296754,-0.9800199913137393,-0.09620220747696459,stop,0.04917992119869886
BTCUSD_4h,long,2017-11-30 12:00:00,2017-11-30 16:00:00,2017-12-03 20:00:00,19,9247.17,8150.684274342476,10969.822573683887,1.5341910516233597,0.1815540178025184,stop,0.05928763749652726
BTCUSD_4h,long,2017-12-10 00:00:00,2017-12-10 04:00:00,2017-12-13 16:00:00,21,13106.32,11035.556224862405,15899.162425246013,1.3206873199304456,0.20824859418704803,stop,0.07899867297371024
BTCUSD_4h,long,2017-12-19 08:00:00,2017-12-19 12:00:00,2017-12-19 20:00:00,2,17759.33,16433.659083976127,17133.590077510024,-0.5246594416743423,-0.03908579251974375,stop,0.037323224356545996
BTCUSD_4h,long,2017-12-20 00:00:00,2017-12-20 04:00:00,2017-12-20 16:00:00,3,16865.38,15301.01960764895,16200.476340380737,-0.46730623958163736,-0.04325880708648745,stop,0.04637785784699338
BTCUSD_4h,long,2017-12-20 20:00:00,2017-12-21 00:00:00,2017-12-21 12:00:00,3,16466.98,14626.054089409921,15515.220508175507,-0.5517462093383589,-0.06155934481253759,stop,0.05589749640158909
BTCUSD_4h,long,2017-12-21 16:00:00,2017-12-21 20:00:00,2017-12-22 00:00:00,1,15372.96,13529.370897355413,14035.238690401455,-0.7575102852235596,-0.0906624492983924,stop,0.05996207310253155
BTCUSD_4h,long,2017-12-22 04:00:00,2017-12-22 08:00:00,2017-12-22 12:00:00,1,13300.05,11052.959789172683,12263.727661374634,-0.4839369103689635,-0.081599643255293,stop,0.08447675801321489
BTCUSD_4h,long,2017-12-22 16:00:00,2017-12-22 20:00:00,2017-12-24 08:00:00,9,13310.05,10693.145840675066,13284.81349226604,-0.029969089406286602,-0.0058804959656677865,stop,0.09830557207992957
BTCUSD_4h,long,2017-12-24 12:00:00,2017-12-24 16:00:00,2017-12-27 16:00:00,18,13383.01,10843.950715270208,14615.329729427016,0.4632908955859012,0.0877213048311722,stop,0.09486129371231855
BTCUSD_4h,short,2018-01-20 04:00:00,2018-01-20 08:00:00,2018-01-23 16:00:00,20,12615.0,14153.566791394449,11211.118099760894,0.8814889750807593,0.10772473715084431,stop,0.06098164056260206
BTCUSD_4h,short,2018-01-28 04:00:00,2018-01-28 08:00:00,2018-02-02 12:00:00,31,11800.01,12724.27690549753,8827.29356557564,3.1716615729254216,0.24892661110404118,stop,0.03916381873818456
BTCUSD_4h,short,2018-02-09 20:00:00,2018-02-10 00:00:00,2018-02-12 08:00:00,14,8693.98,9712.31088759023,8654.637315144068,0.0045618278717212924,0.0005354003281735256,stop,0.05856528814134784
BTCUSD_4h,short,2018-02-12 20:00:00,2018-02-13 00:00:00,2018-02-14 12:00:00,9,8891.2,9656.699576682366,8985.476613806803,-0.1698628856177279,-0.014653876656770405,stop,0.04304815866712953
BTCUSD_4h,short,2018-02-14 16:00:00,2018-02-14 20:00:00,2018-02-15 04:00:00,2,9263.99,9884.09325374158,9830.744449902895,-0.9755535310492109,-0.06543144274391846,stop,0.03346847598829339
BTCUSD_4h,short,2018-02-15 08:00:00,2018-02-15 12:00:00,2018-02-16 00:00:00,3,9628.93,10270.783296806365,10241.14377560591,-1.015736658830007,-0.0678435136661303,stop,0.03332941961393239
BTCUSD_4h,short,2018-02-16 04:00:00,2018-02-16 08:00:00,2018-02-17 00:00:00,4,9756.45,10419.259196040202,10353.038594546651,-0.9607705740056142,-0.06540122065035668,stop,0.03396774421230066
BTCUSD_4h,long,2018-02-21 16:00:00,2018-02-21 20:00:00,2018-02-22 08:00:00,3,10411.04,9621.51915757748,10146.507933381094,-0.38712994776406323,-0.02929938683446143,stop,0.03791748194332751
BTCUSD_4h,long,2018-02-22 12:00:00,2018-02-22 16:00:00,2018-02-24 08:00:00,10,10021.84,9183.256738476555,9768.549583548605,-0.3492452199516082,-0.029164965951735906,stop,0.04183778934424441
BTCUSD_4h,long,2018-03-06 08:00:00,2018-03-06 12:00:00,2018-03-07 04:00:00,4,10928.28,10457.619683073528,10551.529705711133,-0.8917469746357594,-0.03832919447173448,stop,0.02153405279359938
BTCUSD_4h,long,2018-03-07 08:00:00,2018-03-07 12:00:00,2018-03-07 16:00:00,1,10636.99,10125.37369853819,10198.17486292832,-0.9391519883644747,-0.04508102517437721,stop,0.024048922743267125
BTCUSD_4h,long,2018-03-07 20:00:00,2018-03-08 00:00:00,2018-03-08 16:00:00,4,9904.52,9251.71011140248,9461.84781996476,-0.7374350849822574,-0.04850755287686127,stop,0.03295515020402404
BTCUSD_4h,short,2018-03-19 12:00:00,2018-03-19 16:00:00,2018-03-20 16:00:00,6,8579.46,9290.898131870727,8874.21796392989,-0.4633787606954608,-0.03850195371286237,stop,0.04146170807199568
BTCUSD_4h,short,2018-03-20 20:00:00,2018-03-21 00:00:00,2018-03-23 20:00:00,17,8904.02,9543.78457093955,8790.34136777452,0.12237299945346707,0.008810268069492802,stop,0.035925602758054745
BTCUSD_4h,short,2018-04-03 04:00:00,2018-04-03 08:00:00,2018-04-07 00:00:00,22,7394.23,7885.570510342125,6883.1318180987655,0.9820958136121054,0.06539024066379918,stop,0.03322458933128439
BTCUSD_4h,short,2018-04-08 08:00:00,2018-04-08 12:00:00,2018-04-11 08:00:00,17,7100.0,7438.717188931976,6877.833321801718,0.5733721756697807,0.02740848056037135,stop,0.023853323164223696
BTCUSD_4h,short,2018-04-12 08:00:00,2018-04-12 12:00:00,2018-04-12 20:00:00,2,7725.78,8136.881704822103,7981.73677609661,-0.6990285038422764,-0.037271020538886895,stop,0.02660583816922713
BTCUSD_4h,long,2018-05-01 00:00:00,2018-05-01 04:00:00,2018-05-06 04:00:00,30,8946.1,8554.463333796743,9635.405202643857,1.665171442094009,0.07275131188072306,stop,0.02188868144796379
BTCUSD_4h,long,2018-05-07 00:00:00,2018-05-07 04:00:00,2018-05-08 12:00:00,8,9318.27,8933.313532917327,9107.679470502972,-0.6427802871146315,-0.026501542815918,stop,0.020656005196386978
BTCUSD_4h,long,2018-05-08 20:00:00,2018-05-09 00:00:00,2018-05-10 16:00:00,10,9181.52,8838.55120619105,9097.084514638242,-0.3527804761690202,-0.013151547021301686,stop,0.01867712501900284
BTCUSD_4h,long,2018-05-10 20:00:00,2018-05-11 00:00:00,2018-05-11 04:00:00,1,9007.19,8692.21889272379,8702.983971814947,-1.0782778746459822,-0.03763087923873526,stop,0.01748442673443164
BTCUSD_4h,short,2018-05-31 04:00:00,2018-05-31 08:00:00,2018-06-02 04:00:00,11,7557.01,7835.003846153511,7605.265579957278,-0.2826685993394219,-0.010419148092943035,stop,0.018393110909838074
BTCUSD_4h,short,2018-06-02 08:00:00,2018-06-02 12:00:00,2018-06-05 16:00:00,19,7639.99,7906.686903126428,7574.606405734679,0.13106414451794507,0.004584358141117943,stop,0.017454008652264475
BTCUSD_4h,short,2018-06-07 00:00:00,2018-06-07 04:00:00,2018-06-11 20:00:00,28,7722.16,7946.340870694686,6903.780563660603,3.52004857848374,0.10239479279869787,stop,0.014515425133297264
BTCUSD_4h,short,2018-06-18 16:00:00,2018-06-18 20:00:00,2018-06-20 12:00:00,10,6695.78,6936.279615729154,6763.64619342273,-0.3941172443132731,-0.014184306503675118,stop,0.017959044034388402
BTCUSD_4h,short,2018-06-20 16:00:00,2018-06-20 20:00:00,2018-06-23 20:00:00,18,6752.85,6964.324166777763,6174.246519540597,2.6137910641407323,0.08201825916807998,stop,0.01565814187918895
BTCUSD_4h,short,2018-06-29 20:00:00,2018-06-30 00:00:00,2018-06-30 00:00:00,0,6204.01,6463.263954759416,6463.263954759416,-1.097720969900069,-0.04596363002470239,stop,0.020894063255814856
BTCUSD_4h,short,2018-06-30 04:00:00,2018-06-30 08:00:00,2018-07-02 12:00:00,13,6407.65,6682.2565222160265,6462.119967176444,-0.29208886396259304,-0.012542858552825121,stop,0.021428021366337657
BTCUSD_4h,short,2018-07-02 16:00:00,2018-07-02 20:00:00,2018-07-04 12:00:00,10,6615.41,6846.951706391934,6611.595235733991,-0.09777610504060703,-0.0034290566172515075,stop,0.01750017809870695
BTCUSD_4h,short,2018-07-04 16:00:00,2018-07-04 20:00:00,2018-07-07 20:00:00,18,6687.95,6903.03732060737,6629.409746394444,0.1483375869050391,0.004780160297084391,stop,0.016080212965659896
BTCUSD_4h,short,2018-07-15 12:00:00,2018-07-15 16:00:00,2018-07-16 08:00:00,4,6374.58,6534.798143615684,6477.4862525980725,-0.8027204797214946,-0.02021593914359242,stop,0.012566956851720745
BTCUSD_4h,long,2018-07-27 00:00:00,2018-07-27 04:00:00,2018-07-30 16:00:00,21,7882.83,7565.027518858111,8061.353935718183,0.4614047295032851,0.018564764441524304,stop,0.020157892605947948
BTCUSD_4h,long,2018-07-31 08:00:00,2018-07-31 12:00:00,2018-07-31 12:00:00,0,7974.72,7716.358511920971,7716.358511920971,-1.1214660793958697,-0.036260246688777004,stop,0.01619878115338402
BTCUSD_4h,long,2018-07-31 16:00:00,2018-07-31 20:00:00,2018-08-01 04:00:00,2,7751.96,7467.472084258388,7492.356935382789,-1.0196977883287486,-0.037347028769716746,stop,0.018349418452985565
BTCUSD_4h,long,2018-08-01 08:00:00,2018-08-01 12:00:00,2018-08-03 00:00:00,9,7561.87,7267.133646879004,7454.26005540872,-0.4670011121620677,-0.018165806839124686,stop,0.019488324522968253
BTCUSD_4h,long,2018-08-03 04:00:00,2018-08-03 08:00:00,2018-08-04 12:00:00,7,7392.14,7126.765864102417,7294.423888442511,-0.4789058997950798,-0.017158166403501266,stop,0.01794975040364378
BTCUSD_4h,short,2018-08-15 04:00:00,2018-08-15 08:00:00,2018-08-15 16:00:00,2,6405.41,6742.972319928797,6625.253582791026,-0.7284726269462697,-0.038467124722280525,stop,0.02634978244396511
BTCUSD_4h,short,2018-08-22 00:00:00,2018-08-22 04:00:00,2018-08-23 20:00:00,10,6729.39,7005.128783764592,6500.890546822759,0.732718442161856,0.03008352609120328,stop,0.020487650720540183
BTCUSD_4h,short,2018-08-24 16:00:00,2018-08-24 20:00:00,2018-08-27 12:00:00,16,6617.17,6855.420430286115,6739.962881687309,-0.6275209965880887,-0.022639098129960275,stop,0.01800244139761526
BTCUSD_4h,short,2018-08-27 20:00:00,2018-08-28 00:00:00,2018-08-28 08:00:00,2,6911.7,7108.374045578359,7051.567314809912,-0.8531570545879646,-0.024325435082374787,stop,0.014227617342937302
BTCUSD_4h,long,2018-09-05 08:00:00,2018-09-05 12:00:00,2018-09-05 20:00:00,2,6988.58,6778.771382573429,6824.386283818184,-0.9142601057203273,-0.02739280013952109,stop,0.015010818895009497
BTCUSD_4h,short,2018-09-13 08:00:00,2018-09-13 12:00:00,2018-09-15 12:00:00,12,6463.99,6641.430312220084,6555.178328566267,-0.6606540743571335,-0.018171684733454204,stop,0.013725292908875478
BTCUSD_4h,short,2018-09-20 20:00:00,2018-09-21 00:00:00,2018-09-21 08:00:00,2,6492.98,6680.906881307109,6670.643532642316,-1.0854795135680468,-0.03148008755075972,stop,0.014471543213371182
BTCUSD_4h,long,2018-10-10 04:00:00,2018-10-10 08:00:00,2018-10-11 00:00:00,4,6491.05,6388.828758504248,6459.925106572096,-0.5578766487923911,-0.008767921616046127,stop,0.007874014334795763
BTCUSD_4h,short,2018-10-15 04:00:00,2018-10-15 08:00:00,2018-10-18 00:00:00,16,6409.46,6597.557295342446,6481.531593418191,-0.5202285148591689,-0.015297650029322455,stop,0.014673412061425311
BTCUSD_4h,short,2018-11-02 00:00:00,2018-11-02 04:00:00,2018-11-04 12:00:00,14,6356.44,6426.8261125980525,6364.325485529189,-0.4734885230921199,-0.0052535387903393516,stop,0.005536598520402347
BTCUSD_4h,short,2018-11-28 12:00:00,2018-11-28 16:00:00,2018-12-01 12:00:00,17,4205.17,4571.382893099195,4170.757727088088,0.04822445574834384,0.004208107894778776,stop,0.04354317341500991
BTCUSD_4h,short,2018-12-01 16:00:00,2018-12-01 20:00:00,2018-12-04 12:00:00,16,4227.05,4522.413384261126,3995.601020119623,0.727929355150049,0.05096569639204781,stop,0.034937294834592215
BTCUSD_4h,short,2018-12-17 12:00:00,2018-12-17 16:00:00,2018-12-17 16:00:00,0,3396.5,3534.444237171818,3534.444237171818,-1.100489072675634,-0.044784438786644835,stop,0.02030682131191195
BTCUSD_4h,short,2018-12-17 20:00:00,2018-12-18 00:00:00,2018-12-18 20:00:00,5,3499.37,3661.8969187859043,3578.755277176615,-0.5755448293103378,-0.026784531416333007,stop,0.02322231127115798
BTCUSD_4h,short,2018-12-19 00:00:00,2018-12-19 04:00:00,2018-12-19 12:00:00,2,3752.15,3933.128085210363,3858.13965055248,-0.6697508690772906,-0.03236894477188715,stop,0.024116584519590496
BTCUSD_4h,short,2018-12-19 16:00:00,2018-12-19 20:00:00,2018-12-20 08:00:00,3,3767.23,3960.8306932448245,3844.4290171497373,-0.47738638552890195,-0.02458239881414346,stop,0.025695364132907277
BTCUSD_4h,long,2018-12-25 04:00:00,2018-12-25 08:00:00,2018-12-27 16:00:00,14,3767.04,3498.804231015047,3658.5933614935507,-0.45966242942175606,-0.032665382269947744,stop,0.03560298921500075
BTCUSD_4h,long,2019-01-10 04:00:00,2019-01-10 08:00:00,2019-01-10 16:00:00,2,3803.42,3661.108081661154,3676.128192860893,-0.9995712599849021,-0.037326135316546084,stop,0.018708414839650397
BTCUSD_4h,short,2019-01-26 04:00:00,2019-01-26 08:00:00,2019-01-27 16:00:00,8,3619.24,3705.5975191375505,3542.5304648635674,0.7224153128731777,0.017271862667074728,stop,0.011930338847043935
BTCUSD_4h,short,2019-02-08 12:00:00,2019-02-08 16:00:00,2019-02-08 16:00:00,0,3451.74,3508.7561737672986,3508.7561737672986,-1.2441586558289688,-0.020592317139866312,stop,0.008259048156480344
BTCUSD_4h,long,2019-02-24 12:00:00,2019-02-24 16:00:00,2019-02-27 20:00:00,19,3778.41,3621.0978997212287,3767.3474372871624,-0.1662559812059214,-0.006908163444340856,stop,0.020817235328983764
BTCUSD_4h,long,2019-03-04 04:00:00,2019-03-04 08:00:00,2019-03-08 20:00:00,27,3719.79,3641.260035023437,3847.172507779701,1.4293726324421707,0.03011582204821986,stop,0.010555698705647732
BTCUSD_4h,long,2019-03-12 00:00:00,2019-03-12 04:00:00,2019-03-14 12:00:00,14,3808.11,3727.6740012178416,3816.562353342309,-0.08450185821380274,-0.0017813100239606739,stop,0.01056114434485329
BTCUSD_4h,long,2019-03-25 12:00:00,2019-03-25 16:00:00,2019-03-25 16:00:00,0,3948.18,3901.72492494977,3901.72492494977,-1.3379568288916606,-0.0157112449922806,stop,0.005883099941014601
BTCUSD_4h,long,2019-03-25 20:00:00,2019-03-26 00:00:00,2019-03-30 04:00:00,25,3910.0,3849.6432261046484,4064.7322022639687,2.299373026465371,0.03542345943903514,stop,0.0077182575313748695
BTCUSD_4h,long,2019-04-11 08:00:00,2019-04-11 12:00:00,2019-04-15 16:00:00,25,5048.88,4807.021829304993,5062.198734412876,-0.028543269950782584,-0.0013645885361532096,stop,0.023951665586724923
BTCUSD_4h,long,2019-04-25 20:00:00,2019-04-26 00:00:00,2019-04-26 16:00:00,4,5132.5,4919.208549954407,5077.379887943768,-0.35416268123252087,-0.014688571582041836,stop,0.02077851437365735
BTCUSD_4h,long,2019-04-26 20:00:00,2019-04-27 00:00:00,2019-04-29 12:00:00,15,5154.11,4943.411638073963,5080.7904031613625,-0.4451358652607058,-0.01816068986855978,stop,0.020439839460744538
BTCUSD_4h,long,2019-05-17 00:00:00,2019-05-17 04:00:00,2019-05-20 12:00:00,20,7281.97,6466.789345081055,7688.2009274687025,0.46160391974853754,0.05157114168289128,stop,0.05597253592907857
BTCUSD_4h,long,2019-05-30 20:00:00,2019-05-31 00:00:00,2019-06-03 04:00:00,19,8277.76,7828.088076782034,8525.770801709854,0.4768003716400761,0.025849479633303637,stop,0.02716144966862815
BTCUSD_4h,long,2019-06-03 20:00:00,2019-06-04 00:00:00,2019-06-04 16:00:00,4,8103.63,7709.274324219924,7709.274324219924,-1.0801961543621283,-0.05246182537758355,stop,0.02433203859135201
BTCUSD_4h,long,2019-06-04 20:00:00,2019-06-05 00:00:00,2019-06-06 16:00:00,10,7673.41,7230.225853203126,7527.360904886534,-0.3981429349369566,-0.022949176447388094,stop,0.028877913912906682
BTCUSD_4h,long,2019-06-27 16:00:00,2019-06-27 20:00:00,2019-06-30 12:00:00,16,10823.04,9424.286762584206,11256.857519743908,0.2785750297345613,0.03593075187515421,stop,0.0646192399462533
BTCUSD_4h,long,2019-06-30 20:00:00,2019-07-01 00:00:00,2019-07-01 12:00:00,3,10759.24,9535.226126413034,10058.184693778949,-0.6067661254787586,-0.06889034356779417,stop,0.056881985790212204
BTCUSD_4h,long,2019-07-01 16:00:00,2019-07-01 20:00:00,2019-07-04 20:00:00,18,10201.88,9015.016036982868,11137.547808049234,0.7523936864365375,0.08735708902226146,stop,0.05816888470640365
BTCUSD_4h,long,2019-07-11 00:00:00,2019-07-11 04:00:00,2019-07-11 20:00:00,4,11704.06,10774.841979182525,10969.25907141379,-0.8395742971522524,-0.06652310274871485,stop,0.0396963968408174
BTCUSD_4h,long,2019-07-12 00:00:00,2019-07-12 04:00:00,2019-07-13 16:00:00,9,11196.62,10264.00052586189,11163.286966389549,-0.0836920627411993,-0.006957193638469323,stop,0.041647366532851476
BTCUSD_4h,long,2019-07-14 04:00:00,2019-07-14 08:00:00,2019-07-14 12:00:00,1,11131.52,10352.052152151498,10383.985569854962,-1.0142373973049414,-0.07087868200857068,stop,0.03501174358257015
BTCUSD_4h,short,2019-07-31 12:00:00,2019-07-31 16:00:00,2019-08-01 16:00:00,6,10056.04,10455.2591853939,10230.01078072433,-0.5374062423229836,-0.021377483377319585,stop,0.019849721430796705
BTCUSD_4h,short,2019-08-01 20:00:00,2019-08-02 00:00:00,2019-08-03 00:00:00,6,10416.79,10795.337816032712,10683.903443193207,-0.8171090070504179,-0.029753378869934975,stop,0.018170080035822534
BTCUSD_4h,long,2019-08-10 08:00:00,2019-08-10 12:00:00,2019-08-13 08:00:00,17,11354.97,10764.778536184636,11205.85340802648,-0.3291105525889786,-0.01707186700749927,stop,0.02598824408234292
BTCUSD_4h,long,2019-08-13 12:00:00,2019-08-13 16:00:00,2019-08-14 00:00:00,2,10890.04,10478.443448757527,10540.51909612256,-0.9533170792739049,-0.03595935592714493,stop,0.018897843866619114
BTCUSD_4h,short,2019-10-01 00:00:00,2019-10-01 04:00:00,2019-10-07 08:00:00,37,8420.0,8833.670023959063,8038.353802377647,0.8430136819681868,0.0414998036473895,stop,0.024564728263602294
BTCUSD_4h,short,2019-10-07 16:00:00,2019-10-07 20:00:00,2019-10-09 12:00:00,10,8228.47,8529.591685066942,8349.403525953789,-0.5117176232971764,-0.01876388552719821,stop,0.018297550156161635
BTCUSD_4h,short,2019-10-09 16:00:00,2019-10-09 20:00:00,2019-10-11 04:00:00,8,8607.79,8909.35181574587,8707.992822370197,-0.44712022867167045,-0.01569561957359038,stop,0.017516796747241103
BTCUSD_4h,short,2019-10-20 16:00:00,2019-10-20 20:00:00,2019-10-25 08:00:00,27,8240.55,8451.012103994339,7511.233709669142,3.3156217184367125,0.08485005796966488,stop,0.01276990637726486
BTCUSD_4h,long,2019-11-08 08:00:00,2019-11-08 12:00:00,2019-11-08 12:00:00,0,9010.58,8743.590649196523,8743.590649196523,-1.1329953467864335,-0.03350438088261611,stop,0.014815325473136937
BTCUSD_4h,long,2019-11-08 16:00:00,2019-11-08 20:00:00,2019-11-11 04:00:00,14,8792.87,8494.274692419453,8892.954674443616,0.21672485619108334,0.007345025842525441,stop,0.01697939964883755
BTCUSD_4h,long,2019-11-11 08:00:00,2019-11-11 12:00:00,2019-11-12 12:00:00,6,8729.06,8440.378214188628,8563.12100493438,-0.6946172807955078,-0.022926078048928378,stop,0.016535674277148485
BTCUSD_4h,short,2019-11-27 16:00:00,2019-11-27 20:00:00,2019-11-29 12:00:00,10,7583.43,8021.485552500784,7731.739233168077,-0.4084860256030934,-0.02364341306906679,stop,0.02888241550991991
BTCUSD_4h,short,2019-11-29 16:00:00,2019-11-29 20:00:00,2019-12-04 12:00:00,28,7725.86,8112.773777578596,7345.56749180906,0.9049810926833513,0.045412595609959264,stop,0.025040175305959256
BTCUSD_4h,short,2019-12-06 20:00:00,2019-12-07 00:00:00,2019-12-09 12:00:00,15,7535.46,7846.258682095725,7589.670415374924,-0.27175364977789757,-0.011230891820516517,stop,0.020622409388127937
BTCUSD_4h,short,2019-12-18 20:00:00,2019-12-19 00:00:00,2019-12-22 04:00:00,19,7286.91,7610.834142259904,7181.008750625935,0.23760319726665818,0.010583313252827799,stop,0.022226440443199158
BTCUSD_4h,long,2020-01-19 12:00:00,2020-01-19 16:00:00,2020-01-21 16:00:00,12,8627.46,8264.448937837107,8489.937977481779,-0.4731448607924548,-0.019868419035521265,stop,0.021038119108224906
BTCUSD_4h,long,2020-01-23 08:00:00,2020-01-23 12:00:00,2020-01-25 00:00:00,9,8391.18,8126.31057173585,8276.513750042835,-0.5587720652670041,-0.017602557090568335,stop,0.015782609136268652
BTCUSD_4h,long,2020-01-25 04:00:00,2020-01-25 08:00:00,2020-01-28 16:00:00,20,8294.6,8041.91297835326,8902.144974960467,2.2682268415503257,0.06896142913104962,stop,0.015232019726493148
BTCUSD_4h,long,2020-02-11 00:00:00,2020-02-11 04:00:00,2020-02-13 08:00:00,13,9724.08,9429.39737522478,10200.047241762428,1.4799616625227563,0.04475986317454269,stop,0.015152211045940547
BTCUSD_4h,long,2020-02-15 12:00:00,2020-02-15 16:00:00,2020-02-16 16:00:00,6,9967.82,9610.20874813359,9759.302623809746,-0.6934111277083242,-0.024827561904375264,stop,0.017938288004117755
BTCUSD_4h,long,2020-02-17 00:00:00,2020-02-17 04:00:00,2020-02-17 12:00:00,2,9825.93,9448.089608057586,9476.705350339187,-1.0264384873404417,-0.0393912646175989,stop,0.019226698742124914
BTCUSD_4h,long,2020-02-17 16:00:00,2020-02-17 20:00:00,2020-02-19 20:00:00,12,9679.86,9300.25477940787,9936.128578301303,0.5717429302108954,0.022376707344526323,stop,0.019607991261863862
BTCUSD_4h,long,2020-02-20 00:00:00,2020-02-20 04:00:00,2020-02-24 00:00:00,23,9575.59,9124.604029249593,9755.816551956437,0.3138983206439243,0.014754305113264437,stop,0.02354873019575855
BTCUSD_4h,long,2020-02-24 16:00:00,2020-02-24 20:00:00,2020-02-25 12:00:00,4,9598.63,9277.287986674384,9372.095888018812,-0.8230345015272961,-0.027498473055048947,stop,0.01673895198198155
BTCUSD_4h,short,2020-03-02 16:00:00,2020-03-02 20:00:00,2020-03-05 00:00:00,13,8888.35,9208.003042121272,8927.278437377528,-0.23325194641506775,-0.008405284724075762,stop,0.017981573752230307
BTCUSD_4h,short,2020-03-05 08:00:00,2020-03-05 12:00:00,2020-03-07 16:00:00,13,9113.31,9397.098552083975,9210.665728118462,-0.4721955082072706,-0.014733639481455557,stop,0.01557000431698115
BTCUSD_4h,short,2020-03-19 12:00:00,2020-03-19 16:00:00,2020-03-20 08:00:00,4,5929.58,6554.69318328801,6466.727511658914,-0.898941410460269,-0.09495887722243965,stop,0.052711421659545
BTCUSD_4h,short,2020-03-20 12:00:00,2020-03-20 16:00:00,2020-03-21 20:00:00,7,6637.76,7328.035609542635,6351.440728535041,0.37715496014756555,0.039299793182984245,stop,0.05199612591767668
BTCUSD_4h,short,2020-03-23 20:00:00,2020-03-24 00:00:00,2020-03-25 08:00:00,8,6494.7,7121.122875164321,6954.760806456466,-0.7773658136951672,-0.07512827371055086,stop,0.04822569750445145
BTCUSD_4h,short,2020-04-01 20:00:00,2020-04-02 00:00:00,2020-04-02 16:00:00,4,6669.95,7026.704413028767,6914.66417836159,-0.7621024345854133,-0.040844123755770734,stop,0.0267434098478075
BTCUSD_4h,short,2020-04-02 20:00:00,2020-04-03 00:00:00,2020-04-04 20:00:00,11,6789.63,7187.603319919976,6967.436157377539,-0.5159147093920261,-0.030300878427645003,stop,0.029307437954643717
BTCUSD_4h,long,2020-04-10 04:00:00,2020-04-10 08:00:00,2020-04-12 20:00:00,15,6937.6,6611.117656879535,6941.234404027144,-0.07388842088777255,-0.0034702367608117316,stop,0.023529919793622078
BTCUSD_4h,long,2020-04-13 00:00:00,2020-04-13 04:00:00,2020-04-15 12:00:00,14,6688.56,6374.25201163565,6724.731660199324,0.02973222833933299,0.001394384446108513,stop,0.023495938465405916
BTCUSD_4h,long,2020-04-15 20:00:00,2020-04-16 00:00:00,2020-04-19 12:00:00,21,6619.0,6357.303703846129,7062.195011413679,1.5889893265678918,0.06269868804328965,stop,0.019768567468943253
BTCUSD_4h,long,2020-04-20 08:00:00,2020-04-20 12:00:00,2020-04-20 16:00:00,1,6963.14,6719.865344071222,6853.857819494706,-0.5628049318230991,-0.019623745948459555,stop,0.01746874656611661
BTCUSD_4h,long,2020-04-20 20:00:00,2020-04-21 00:00:00,2020-04-23 20:00:00,17,6833.0,6550.975568850027,7457.6423977121585,2.11350878534266,0.08705859361574432,stop,0.02063694066661591
BTCUSD_4h,long,2020-05-10 00:00:00,2020-05-10 04:00:00,2020-05-10 16:00:00,3,8627.62,8024.650412145326,8311.682717012856,-0.580155111414145,-0.04046511704443866,stop,0.03494414379948785
BTCUSD_4h,long,2020-05-10 20:00:00,2020-05-11 00:00:00,2020-05-11 16:00:00,4,8740.88,8119.25632232231,8556.983237240927,-0.35148675489617154,-0.024946730361313004,stop,0.03555841503817062
BTCUSD_4h,long,2020-05-11 20:00:00,2020-05-12 00:00:00,2020-05-15 00:00:00,18,8574.19,7884.720189253658,9429.772523702668,1.188702660915757,0.09539545090706356,stop,0.040206119222127246
BTCUSD_4h,long,2020-05-21 12:00:00,2020-05-21 16:00:00,2020-05-24 16:00:00,18,9070.93,8597.92245025366,8983.848352545834,-0.2604423633942429,-0.013553771612413768,stop,0.02607271524233679
BTCUSD_4h,long,2020-05-25 04:00:00,2020-05-25 08:00:00,2020-05-31 12:00:00,37,8861.66,8488.023903319328,9461.658574309415,1.507755653603955,0.06344493945788979,stop,0.02108160867606475
BTCUSD_4h,long,2020-06-07 12:00:00,2020-06-07 16:00:00,2020-06-10 16:00:00,18,9495.13,9214.92400265112,9668.017883076816,0.48022379457896935,0.014143355731627416,stop,0.014755248077113182
BTCUSD_4h,long,2020-06-11 12:00:00,2020-06-11 16:00:00,2020-06-11 16:00:00,0,9510.0,9215.968413960185,9215.968413960185,-1.1273738557559263,-0.03478673807671057,stop,0.015459073924280448
BTCUSD_4h,long,2020-06-12 04:00:00,2020-06-12 08:00:00,2020-06-14 12:00:00,13,9425.94,9095.472668448483,9306.924841718064,-0.47351393927716495,-0.016567955117860356,stop,0.01752967510675424
BTCUSD_4h,short,2020-07-06 04:00:00,2020-07-06 08:00:00,2020-07-06 16:00:00,2,9200.31,9372.025160253947,9344.644077378665,-1.0565402918712492,-0.01975885167507758,stop,0.009332031217097437
BTCUSD_4h,short,2020-07-06 20:00:00,2020-07-07 00:00:00,2020-07-08 12:00:00,9,9346.9,9526.238526968269,9366.073969909305,-0.3156037846744336,-0.00606761006731646,stop,0.009593476284557909
BTCUSD_4h,long,2020-08-11 12:00:00,2020-08-11 16:00:00,2020-08-11 20:00:00,1,11485.48,11086.156051774487,11133.060619504882,-0.9958242261732767,-0.034553430615142336,stop,0.01738385980496729
BTCUSD_4h,long,2020-08-12 00:00:00,2020-08-12 04:00:00,2020-08-13 08:00:00,7,11381.02,10962.754105593496,11293.844507493017,-0.3168444362646771,-0.011621164018842453,stop,0.01837558911268518
BTCUSD_4h,long,2020-08-19 12:00:00,2020-08-19 16:00:00,2020-08-21 20:00:00,13,11727.19,11332.142885389949,11589.008440427768,-0.46782763275088585,-0.015727984821636513,stop,0.016843212850224602
BTCUSD_4h,long,2020-08-22 00:00:00,2020-08-22 04:00:00,2020-08-25 04:00:00,18,11469.5,11150.069913855614,11602.763824399439,0.27273353553572444,0.007580575085118091,stop,0.01392519665828441
BTCUSD_4h,long,2020-08-25 12:00:00,2020-08-25 16:00:00,2020-08-25 16:00:00,0,11418.4,11153.079060773438,11153.079060773438,-1.1701447245480951,-0.027135518893211523,stop,0.01161813122795497
BTCUSD_4h,short,2020-09-12 16:00:00,2020-09-12 20:00:00,2020-09-14 08:00:00,9,10462.86,10739.786026867656,10462.396673608895,-0.14945213862433698,-0.003963555587146607,stop,0.01323376337194878
BTCUSD_4h,short,2020-09-14 12:00:00,2020-09-14 16:00:00,2020-09-15 12:00:00,5,10710.89,10980.825907346445,10891.635445900714,-0.8296432252901074,-0.020950574171080403,stop,0.012601002687285827
BTCUSD_4h,short,2020-09-15 16:00:00,2020-09-15 20:00:00,2020-09-16 12:00:00,4,10783.82,11074.829950671963,10951.278681956948,-0.724816724767697,-0.0195989531062122,stop,0.013492897260523818
BTCUSD_4h,short,2020-09-16 16:00:00,2020-09-16 20:00:00,2020-09-18 08:00:00,9,10987.61,11277.547627690868,10997.928659064366,-0.18724625987620316,-0.004950897733846839,stop,0.013193844143124333
BTCUSD_4h,short,2020-09-19 12:00:00,2020-09-19 16:00:00,2020-09-22 20:00:00,19,11090.01,11344.210637972035,10562.881890614248,1.9033088565959844,0.04371428965558829,stop,0.011460793902441745
BTCUSD_4h,short,2020-09-24 16:00:00,2020-09-24 20:00:00,2020-09-26 04:00:00,8,10656.61,10949.97798401183,10820.113071246196,-0.7037459049395206,-0.01941238892147659,stop,0.013764601689084494
BTCUSD_4h,short,2020-09-27 00:00:00,2020-09-27 04:00:00,2020-09-28 00:00:00,5,10787.75,11018.384104137198,10823.928418158008,-0.3442759486562797,-0.007375114995054653,stop,0.010689629632555379
BTCUSD_4h,long,2020-11-26 00:00:00,2020-11-26 04:00:00,2020-11-26 08:00:00,1,17941.69,16916.35514770717,17048.051922870945,-0.9398076724106059,-0.05360109179400247,stop,0.02857408784492514
BTCUSD_4h,long,2020-11-26 12:00:00,2020-11-26 16:00:00,2020-12-01 08:00:00,28,16914.83,15747.63834165913,18963.714085908472,1.6939180327480083,0.1166538851684425,stop,0.03450202154975457
BTCUSD_4h,long,2020-12-08 08:00:00,2020-12-08 12:00:00,2020-12-08 20:00:00,2,18770.0,18175.81650096757,18392.383207466934,-0.7606094071678919,-0.024029807138413704,stop,0.01582801009676158
BTCUSD_4h,long,2020-12-09 00:00:00,2020-12-09 04:00:00,2020-12-09 08:00:00,1,18298.54,17650.667408479145,17650.667408479145,-1.110976163767292,-0.039256374424543675,stop,0.01770284928526693
BTCUSD_4h,long,2020-12-09 12:00:00,2020-12-09 16:00:00,2020-12-10 12:00:00,5,18352.65,17631.25196662853,17968.412324262736,-0.6333255418656366,-0.024844797054184485,stop,0.019653783877845235
BTCUSD_4h,long,2020-12-11 00:00:00,2020-12-11 04:00:00,2020-12-17 12:00:00,38,17993.28,17286.096833894517,22746.717659842296,6.606432234878384,0.2591318758849507,stop,0.019651313326572002
BTCUSD_4h,long,2021-01-10 16:00:00,2021-01-10 20:00:00,2021-01-11 00:00:00,1,37357.88,33900.45541011156,35179.7843093893,-0.6719368590203819,-0.06206278170299859,stop,0.04627436821747438
BTCUSD_4h,long,2021-01-11 04:00:00,2021-01-11 08:00:00,2021-01-11 12:00:00,1,34323.09,29812.253715748935,31857.3534503383,-0.5759680185320089,-0.07554423606195426,stop,0.06571139551029732
BTCUSD_4h,long,2021-01-11 16:00:00,2021-01-11 20:00:00,2021-01-15 12:00:00,22,32199.33,27239.659301567208,36550.930940919614,0.8496734310141568,0.130614178647688,stop,0.07701512265057678
BTCUSD_4h,long,2021-01-15 16:00:00,2021-01-15 20:00:00,2021-01-17 04:00:00,8,35187.14,31434.335352119466,34543.42338579914,-0.20869131608403177,-0.022213073070120583,stop,0.05332636650606635
BTCUSD_4h,long,2021-01-20 08:00:00,2021-01-20 12:00:00,2021-01-21 08:00:00,5,34401.34,31722.425197593693,33003.68390267105,-0.5720473617741674,-0.044457783634978876,stop,0.03893619845050084
BTCUSD_4h,long,2021-01-21 16:00:00,2021-01-21 20:00:00,2021-01-22 00:00:00,1,32474.15,29521.03739583393,29521.03739583393,-1.0419863348985579,-0.09456632604222288,stop,0.04546866668051469
BTCUSD_4h,long,2021-02-23 00:00:00,2021-02-23 04:00:00,2021-02-23 08:00:00,1,51836.17,47702.3155005576,47939.25796480349,-0.9909547836477245,-0.07886937477227077,stop,0.039874227778039915
BTCUSD_4h,long,2021-02-23 12:00:00,2021-02-23 16:00:00,2021-02-25 20:00:00,13,48656.2,43667.14992883566,47573.24444621097,-0.25564274250384456,-0.026160462700969476,stop,0.051268389960214114
BTCUSD_4h,long,2021-02-26 00:00:00,2021-02-26 04:00:00,2021-02-28 04:00:00,12,47351.32,42838.7517929064,44455.59521868506,-0.6823915939734045,-0.06490193361658589,stop,0.047649867069108155
BTCUSD_4h,long,2021-02-28 16:00:00,2021-02-28 20:00:00,2021-03-04 00:00:00,19,44507.89,40571.77856398934,49466.27264336905,1.2119662757610472,0.10696783184051441,stop,0.04421813116742516
BTCUSD_4h,long,2021-03-15 08:00:00,2021-03-15 12:00:00,2021-03-16 00:00:00,3,56186.78,52716.912423022506,53911.96471333107,-0.7190512954009978,-0.04431705662211358,stop,0.030877971446107884
BTCUSD_4h,long,2021-03-16 04:00:00,2021-03-16 08:00:00,2021-03-19 00:00:00,16,55253.3,51643.68518649465,56709.32693597737,0.3413388258202824,0.022254641755529405,stop,0.03266424642062424
BTCUSD_4h,long,2021-03-21 08:00:00,2021-03-21 12:00:00,2021-03-22 16:00:00,7,56260.17,53467.51201091688,55871.7068323035,-0.21940635901579786,-0.010869215530881599,stop,0.02481913926924788
BTCUSD_4h,long,2021-03-22 20:00:00,2021-03-23 00:00:00,2021-03-24 20:00:00,11,54117.71,51330.9356870372,54510.454034582646,0.06297162482702581,0.0032362313861799713,stop,0.025747341424487487
BTCUSD_4h,long,2021-04-03 20:00:00,2021-04-04 00:00:00,2021-04-06 12:00:00,15,57064.13,55018.58520398471,57660.83929020918,0.17954109455055028,0.006423059442607916,stop,0.017923210219934035
BTCUSD_4h,long,2021-04-07 08:00:00,2021-04-07 12:00:00,2021-04-10 20:00:00,20,56289.21,54184.23644745643,59224.07885827161,1.2845017825938263,0.04793894584371537,stop,0.018697842379947864
BTCUSD_4h,long,2021-04-16 08:00:00,2021-04-16 12:00:00,2021-04-17 12:00:00,6,60892.05,58325.55439850021,60223.81365233299,-0.35475146516503847,-0.014922321935701447,stop,0.021074143517091255
BTCUSD_4h,long,2021-04-17 20:00:00,2021-04-18 00:00:00,2021-04-18 00:00:00,0,60048.82,57643.6963714151,57643.6963714151,-1.0978681635926228,-0.043884928712301347,stop,0.020026402089041048
BTCUSD_4h,short,2021-04-26 04:00:00,2021-04-26 08:00:00,2021-04-27 20:00:00,9,52900.0,56303.87737878698,55224.907199919995,-0.7465477546742352,-0.04813326112186264,stop,0.032172754052807
BTCUSD_4h,short,2021-04-28 00:00:00,2021-04-28 04:00:00,2021-04-28 20:00:00,4,54844.14,57538.73227952285,56434.76108692868,-0.6728954517095316,-0.033126830216150795,stop,0.02456590876913058
BTCUSD_4h,short,2021-05-24 16:00:00,2021-05-24 20:00:00,2021-05-26 04:00:00,8,39680.99,44337.47857696267,40692.4169073599,-0.251729109134679,-0.029599129626252732,stop,0.05867404740862907
BTCUSD_4h,short,2021-06-02 12:00:00,2021-06-02 16:00:00,2021-06-03 08:00:00,4,38098.97,40510.14513165756,39350.91656860483,-0.5834691654168229,-0.03700009929633824,stop,0.031643573719415015
BTCUSD_4h,short,2021-06-03 12:00:00,2021-06-03 16:00:00,2021-06-05 00:00:00,8,38564.99,40746.67339694782,37720.49436589868,0.3171517307862018,0.017977738045450383,stop,0.02828580270535298
BTCUSD_4h,short,2021-06-09 12:00:00,2021-06-09 16:00:00,2021-06-10 08:00:00,4,36376.98,38949.23918412533,38130.35830325393,-0.7395805957661807,-0.05240141954174646,stop,0.035355590047955056
BTCUSD_4h,short,2021-06-13 16:00:00,2021-06-13 20:00:00,2021-06-14 12:00:00,4,37700.0,39857.710939456956,39832.39367924381,-1.060132024532442,-0.06079688466062896,stop,0.0286168559609676
BTCUSD_4h,short,2021-06-27 20:00:00,2021-06-28 00:00:00,2021-06-29 12:00:00,9,34716.02,37277.19960052994,36146.07357419237,-0.6136929097106424,-0.04536601881707372,stop,0.03688757525387331
BTCUSD_4h,short,2021-07-04 08:00:00,2021-07-04 12:00:00,2021-07-06 04:00:00,10,35516.3,37033.66162865582,34577.6969679438,0.5261863902724444,0.0225252931261656,stop,0.021361482314540357
BTCUSD_4h,short,2021-07-12 00:00:00,2021-07-12 04:00:00,2021-07-14 12:00:00,14,34458.71,35627.654282600386,32883.81783356734,1.2320579622167285,0.04187891239574113,stop,0.016961521232228126
BTCUSD_4h,short,2021-07-21 08:00:00,2021-07-21 12:00:00,2021-07-21 16:00:00,1,31555.06,32817.760795864895,32684.47931044597,-0.996196718324914,-0.03994349012557441,stop,0.02000789724159755
BTCUSD_4h,short,2021-07-21 20:00:00,2021-07-22 00:00:00,2021-07-23 20:00:00,11,32115.82,33481.86287482331,32842.52056091255,-0.6270793236597162,-0.026726202533644907,stop,0.021267445060149645
BTCUSD_4h,long,2021-08-02 16:00:00,2021-08-02 20:00:00,2021-08-03 12:00:00,4,39169.71,37185.865175911764,37875.906172928364,-0.7298428999268803,-0.036890879440232054,stop,0.025323710899164617
BTCUSD_4h,long,2021-08-03 16:00:00,2021-08-03 20:00:00,2021-08-05 08:00:00,9,38005.47,36093.23149604537,38267.257011462905,0.057127579647653796,0.0028686268165908765,stop,0.025157411603574775
BTCUSD_4h,long,2021-08-12 12:00:00,2021-08-12 16:00:00,2021-08-14 08:00:00,10,44222.76,42203.74050572453,46172.84990067385,0.8763157987770737,0.03992892226942275,stop,0.022827832255104326
BTCUSD_4h,long,2021-08-17 20:00:00,2021-08-18 00:00:00,2021-08-19 04:00:00,7,44631.47,42586.34191182842,44033.87788054412,-0.3789116289091625,-0.017328043711999464,stop,0.022911278613180087
BTCUSD_4h,long,2021-08-19 08:00:00,2021-08-19 12:00:00,2021-08-22 12:00:00,18,44201.02,42240.62887884673,48127.687094667184,1.9088077068398899,0.08448991899461354,stop,0.02217585839821422
BTCUSD_4h,long,2021-08-24 20:00:00,2021-08-25 00:00:00,2021-08-26 04:00:00,7,47670.8,45945.40680343744,47548.06969543722,-0.18150531981786605,-0.006556276757209495,stop,0.018096960786923626
BTCUSD_4h,long,2021-08-26 08:00:00,2021-08-26 12:00:00,2021-08-29 04:00:00,16,46831.35,44972.36856392291,47978.931028623774,0.5153147029741499,0.020414708733078823,stop,0.019847617419496682
BTCUSD_4h,long,2021-08-30 20:00:00,2021-08-31 00:00:00,2021-09-01 00:00:00,6,46969.05,45278.11777469935,46616.15249343237,-0.3193906316726993,-0.011475427578184288,stop,0.018000494211620786
BTCUSD_4h,short,2021-09-14 12:00:00,2021-09-14 16:00:00,2021-09-15 12:00:00,5,46774.24,48756.12988780248,48103.57426357293,-0.7664855153907872,-0.03254214628438472,stop,0.02118569845071227
BTCUSD_4h,short,2021-09-30 00:00:00,2021-09-30 04:00:00,2021-10-01 04:00:00,6,43621.31,45677.544731837916,44663.634896440875,-0.5927799814684961,-0.02799864243316102,stop,0.023569153836025505
BTCUSD_4h,long,2021-10-22 12:00:00,2021-10-22 16:00:00,2021-10-26 20:00:00,25,60615.32,57494.14381032363,61632.12061068093,0.24744060652969738,0.012715666617902143,stop,0.025745770126070214
BTCUSD_4h,long,2021-10-27 00:00:00,2021-10-27 04:00:00,2021-10-27 08:00:00,1,60698.4,58456.3241490055,59185.78670979082,-0.7815889292289,-0.028812685274028513,stop,0.018468986422990573
BTCUSD_4h,long,2021-10-27 12:00:00,2021-10-27 16:00:00,2021-10-28 16:00:00,6,58837.24,56423.28660180943,59455.86280495016,0.1582617956198421,0.006480148478035063,stop,0.020513822522866206
BTCUSD_4h,long,2021-11-06 08:00:00,2021-11-06 12:00:00,2021-11-09 16:00:00,19,60357.41,58275.29428547278,66392.65013327653,2.7768581605094957,0.09560051721540756,stop,0.017248219518756876
BTCUSD_4h,long,2021-11-12 08:00:00,2021-11-12 12:00:00,2021-11-15 12:00:00,18,63773.3,61284.620818615964,64402.24646309027,0.14971611164315277,0.005830836209360688,stop,0.019511920987184614
BTCUSD_4h,long,2021-11-15 20:00:00,2021-11-16 00:00:00,2021-11-16 00:00:00,0,63621.61,61585.94075780224,61585.94075780224,-1.1230136489389835,-0.03586079165728664,stop,0.015998253126553716
BTCUSD_4h,short,2021-11-25 12:00:00,2021-11-25 16:00:00,2021-11-28 20:00:00,19,59106.23,61435.815945119844,55420.91690143827,1.483636528628288,0.05859255741922753,stop,0.019706771562996318
BTCUSD_4h,short,2021-11-29 00:00:00,2021-11-29 04:00:00,2021-11-29 16:00:00,3,57417.31,59771.064011954426,58911.901269775466,-0.7338276147560568,-0.030142671513940757,stop,0.020496902519069847
BTCUSD_4h,short,2021-11-29 20:00:00,2021-11-30 00:00:00,2021-11-30 12:00:00,3,57843.33,60060.150482612524,58189.22439572202,-0.2607155198387277,-0.010011832651983379,stop,0.019162282691993347
BTCUSD_4h,short,2021-12-01 12:00:00,2021-12-01 16:00:00,2021-12-04 08:00:00,16,58690.42,61165.54699621411,47318.12,4.508973857531546,0.1905361763714225,gap_stop,0.021086294800873023
BTCUSD_4h,short,2021-12-12 16:00:00,2021-12-12 20:00:00,2021-12-14 20:00:00,12,50273.96,52533.62255328118,48041.80595118439,0.900808182158673,0.04056974466212636,stop,0.02247348879301713
BTCUSD_4h,short,2021-12-21 04:00:00,2021-12-21 08:00:00,2021-12-23 16:00:00,14,48608.3,50579.730430797674,49598.18825330443,-0.6017464330866827,-0.024454230799781325,stop,0.02027874283607605
BTCUSD_4h,short,2021-12-23 20:00:00,2021-12-24 00:00:00,2021-12-26 20:00:00,17,50850.0,52633.946504124746,50885.73227588433,-0.13408683493760723,-0.004713532087500394,stop,0.017541263560715302
BTCUSD_4h,short,2022-01-12 12:00:00,2022-01-12 16:00:00,2022-01-14 16:00:00,12,43588.51,45360.16627933825,43402.70489200122,0.006673234731061441,0.0002717773779534211,stop,0.020322514801931143
BTCUSD_4h,short,2022-01-20 12:00:00,2022-01-20 16:00:00,2022-01-23 20:00:00,19,43323.57,44691.66490639801,36175.7167012387,5.108457529280218,0.1616408907726515,stop,0.01578926790195281
BTCUSD_4h,short,2022-01-26 08:00:00,2022-01-26 12:00:00,2022-01-28 20:00:00,14,38125.14,40506.62889356793,37597.751317420785,0.15786044644580904,0.009880522210001819,stop,0.031232526537186958
BTCUSD_4h,short,2022-01-31 16:00:00,2022-01-31 20:00:00,2022-02-04 04:00:00,20,38430.81,40039.069470967646,37677.03503336906,0.3740436710764443,0.015684415867803794,stop,0.02092409021521596
BTCUSD_4h,short,2022-02-04 12:00:00,2022-02-04 16:00:00,2022-02-04 20:00:00,1,39501.68,41177.966255382235,41177.966255382235,-1.0962599866178417,-0.046613921339588686,stop,0.02121791092660156
BTCUSD_4h,long,2022-02-11 20:00:00,2022-02-12 00:00:00,2022-02-16 12:00:00,27,42392.22,40329.02099304129,43389.62313102601,0.4002713465732513,0.01944203588862959,stop,0.02433464214611446
BTCUSD_4h,long,2022-02-17 12:00:00,2022-02-17 16:00:00,2022-02-17 20:00:00,1,41937.62,40335.32699825991,40463.09078409849,-1.023115395055334,-0.03901171598266318,stop,0.01910328962087133
BTCUSD_4h,long,2022-02-18 00:00:00,2022-02-18 04:00:00,2022-02-20 04:00:00,12,40731.95,39040.62485975838,39642.64359574478,-0.7390983328422162,-0.030628547626757194,stop,0.02076165197396162
BTCUSD_4h,short,2022-02-25 00:00:00,2022-02-25 04:00:00,2022-02-26 00:00:00,5,38927.42,41289.657188216275,40231.52144014471,-0.6190823386915153,-0.03764313234915503,stop,0.03034155857511591
BTCUSD_4h,long,2022-03-04 00:00:00,2022-03-04 04:00:00,2022-03-04 16:00:00,3,41441.61,39294.26445336287,39841.78960519554,-0.8207282692694032,-0.042442112048847604,stop,0.02590808545610473
BTCUSD_4h,long,2022-03-31 16:00:00,2022-03-31 20:00:00,2022-04-01 00:00:00,1,45617.11,44235.86961957649,44503.01678960674,-0.9370805272689829,-0.02831722491943006,stop,0.01513949897772465
BTCUSD_4h,long,2022-04-01 04:00:00,2022-04-01 08:00:00,2022-04-02 16:00:00,8,45041.19,43594.37442573235,45811.507261286,0.40683268637149667,0.013042217418719918,stop,0.0160610274092187
BTCUSD_4h,long,2022-04-06 00:00:00,2022-04-06 04:00:00,2022-04-06 12:00:00,2,45239.75,43781.15643995853,44136.10597996149,-0.8792001878590326,-0.028290078081304064,stop,0.01612070756405008
BTCUSD_4h,long,2022-04-06 16:00:00,2022-04-06 20:00:00,2022-04-08 16:00:00,11,43772.45,42201.09079736713,42668.79725758291,-0.8123764666878003,-0.02910477394816683,stop,0.017949180393522297
BTCUSD_4h,short,2022-04-25 20:00:00,2022-04-26 00:00:00,2022-04-27 08:00:00,8,40452.52,41780.81676615677,39168.39571222235,0.846860795730069,0.027863201842872314,stop,0.016417973047869166
BTCUSD_4h,short,2022-05-04 16:00:00,2022-05-04 20:00:00,2022-05-10 04:00:00,32,39834.48,41102.45322108895,31687.87527097697,6.312089155642844,0.2013230552253954,stop,0.015915523700685334
BTCUSD_4h,short,2022-05-15 20:00:00,2022-05-16 00:00:00,2022-05-19 12:00:00,21,31275.27,33305.03786030538,30134.788607346945,0.501368306859116,0.03260405671292188,stop,0.032450045360206084
BTCUSD_4h,short,2022-05-22 20:00:00,2022-05-23 00:00:00,2022-05-24 20:00:00,11,30264.66,31351.879598670712,29746.68673816932,0.36602593334492245,0.01317536904373966,stop,0.01796186705336705
BTCUSD_4h,short,2022-05-30 00:00:00,2022-05-30 04:00:00,2022-05-30 20:00:00,4,30347.7,31273.822305806487,31122.39045755763,-0.9692355241255871,-0.029637484800089698,stop,0.015258525453436093
BTCUSD_4h,short,2022-05-31 00:00:00,2022-05-31 04:00:00,2022-05-31 16:00:00,3,31745.01,32822.41451291919,32274.730931079976,-0.6105046016189021,-0.020761643171077992,stop,0.016969667247217587
BTCUSD_4h,short,2022-05-31 20:00:00,2022-06-01 00:00:00,2022-06-02 20:00:00,11,31777.06,32877.25615996182,30405.33618681694,1.1337605658001142,0.03933210744751077,stop,0.017311169755191605
BTCUSD_4h,short,2022-06-21 12:00:00,2022-06-21 16:00:00,2022-06-23 20:00:00,13,21380.86,23060.985000215696,21090.835250113792,0.12206315563404721,0.009611042028904839,stop,0.03929039805264371
BTCUSD_4h,short,2022-06-25 04:00:00,2022-06-25 08:00:00,2022-06-26 12:00:00,7,21499.22,22626.824782972955,21823.962865907386,-0.3648345926261159,-0.019173423917570577,stop,0.026224318439760936
BTCUSD_4h,short,2022-07-04 08:00:00,2022-07-04 12:00:00,2022-07-04 20:00:00,2,19797.95,20590.11337852109,20300.379647806447,-0.7354875558496252,-0.029487593154434784,stop,0.020006197068915946
BTCUSD_4h,short,2022-07-05 00:00:00,2022-07-05 04:00:00,2022-07-05 16:00:00,3,20287.81,21116.25413509842,20117.685993007006,0.10780813240517485,0.004411121703377101,stop,0.020417288388899987
BTCUSD_4h,short,2022-07-06 20:00:00,2022-07-07 00:00:00,2022-07-07 16:00:00,4,20546.29,21439.508267711877,21042.23034043841,-0.6483492356272437,-0.028242467958608207,stop,0.021736728813617386
BTCUSD_4h,short,2022-07-07 20:00:00,2022-07-08 00:00:00,2022-07-13 12:00:00,33,21620.85,22530.50387680145,20013.634961308846,1.675303219865423,0.0706262736620599,stop,0.021036496641007468
BTCUSD_4h,long,2022-07-23 08:00:00,2022-07-23 12:00:00,2022-07-25 00:00:00,9,22240.1,21110.077840196784,22047.330637988453,-0.24897230629222183,-0.012625062745742191,stop,0.025405060224621627
BTCUSD_4h,long,2022-07-25 04:00:00,2022-07-25 08:00:00,2022-07-26 00:00:00,4,21976.02,20992.24657051045,21252.370916293967,-0.8234679259013555,-0.0367895955574802,stop,0.02238288437782521
BTCUSD_4h,long,2022-07-26 04:00:00,2022-07-26 08:00:00,2022-07-30 20:00:00,27,21073.58,20114.882575784086,23671.88016512491,2.6168936949491894,0.11881235373921445,stop,0.022746429989966524
BTCUSD_4h,long,2022-08-01 16:00:00,2022-08-01 20:00:00,2022-08-03 20:00:00,12,22969.19,22035.907398991505,22792.59415291155,-0.28728641796658816,-0.011649703228562684,stop,0.020315966758263842
BTCUSD_4h,long,2022-08-04 16:00:00,2022-08-04 20:00:00,2022-08-09 08:00:00,27,22479.3,21615.029052310907,23636.98101921932,1.2327713433266538,0.04730226535318159,stop,0.019223706870078083
BTCUSD_4h,long,2022-08-09 12:00:00,2022-08-09 16:00:00,2022-08-11 20:00:00,13,23090.79,22406.46842983707,24081.69142785761,1.3101391277034151,0.03874994883845957,stop,0.014818063179365711
BTCUSD_4h,long,2022-08-17 12:00:00,2022-08-17 16:00:00,2022-08-19 00:00:00,8,23388.0,22613.296063817343,22985.607137055948,-0.6391345830227244,-0.021128432258885936,stop,0.01656199624129164
BTCUSD_4h,short,2022-09-09 00:00:00,2022-09-09 04:00:00,2022-09-09 04:00:00,0,19960.0,20601.479343107338,20601.479343107338,-1.1264623086586898,-0.036275070270478396,stop,0.016069121821326107
BTCUSD_4h,short,2022-09-09 08:00:00,2022-09-09 12:00:00,2022-09-10 04:00:00,4,20943.0,21689.744943801736,21642.015314970882,-1.0501381390123294,-0.03751883012555317,stop,0.017828031891365507
BTCUSD_4h,short,2022-09-10 08:00:00,2022-09-10 12:00:00,2022-09-10 20:00:00,2,21294.0,21992.288715459585,21807.553807212473,-0.8588953273176707,-0.0282219795478482,stop,0.016396372580529405
BTCUSD_4h,short,2022-09-27 12:00:00,2022-09-27 16:00:00,2022-09-28 12:00:00,5,19883.0,20631.257177488944,19314.22374131252,0.6553653288706386,0.024712796875995993,stop,0.01881650599730788
BTCUSD_4h,short,2022-10-03 20:00:00,2022-10-04 00:00:00,2022-10-04 08:00:00,2,19633.0,20179.4964682722,20036.889577681326,-0.8842314358672145,-0.02466244345445782,stop,0.013917803399179893
BTCUSD_4h,short,2022-10-14 04:00:00,2022-10-14 08:00:00,2022-10-16 16:00:00,14,19638.0,20198.3607285097,19352.755389250593,0.36987442093261585,0.010575336433683314,stop,0.014267255537979934
BTCUSD_4h,long,2022-11-02 20:00:00,2022-11-03 00:00:00,2022-11-04 16:00:00,10,20152.0,19685.597268458732,20762.515097291503,1.1335398172944515,0.026182552872466746,stop,0.011572120175200158
BTCUSD_4h,long,2022-11-07 04:00:00,2022-11-07 08:00:00,2022-11-07 20:00:00,3,20634.0,20203.823219608832,20460.549421822376,-0.5942665635946515,-0.012364515759663694,stop,0.010423979363942251
BTCUSD_4h,long,2022-11-08 00:00:00,2022-11-08 04:00:00,2022-11-08 04:00:00,0,20147.0,19634.290062693784,19634.290062693784,-1.1551804916117112,-0.029338876098579814,stop,0.012724225376140763
BTCUSD_4h,short,2022-11-23 00:00:00,2022-11-23 04:00:00,2022-11-26 12:00:00,20,16556.0,17078.897632299966,16666.77160038698,-0.3389136470330983,-0.010725554974878093,stop,0.015791786430900148
BTCUSD_4h,short,2022-11-30 00:00:00,2022-11-30 04:00:00,2022-11-30 16:00:00,3,16842.0,17213.55597712568,17105.62189567971,-0.8922400926925008,-0.019723399980763723,stop,0.011030637012400028
BTCUSD_4h,short,2022-11-30 20:00:00,2022-12-01 00:00:00,2022-12-03 00:00:00,12,17166.0,17538.087246785057,17122.995379006326,-0.068729498216611,-0.001492754223601418,stop,0.010837913514652693
BTCUSD_4h,short,2022-12-04 20:00:00,2022-12-05 00:00:00,2022-12-05 04:00:00,1,17113.0,17382.21244247095,17369.411553723025,-1.2086231001956014,-0.019051506673164634,stop,0.007865729050165067
BTCUSD_4h,short,2022-12-05 08:00:00,2022-12-05 12:00:00,2022-12-08 16:00:00,19,17314.0,17602.59465601628,16981.52269227539,0.9143837449476989,0.01527175075228776,stop,0.008334141619968854
BTCUSD_4h,long,2022-12-12 00:00:00,2022-12-12 04:00:00,2022-12-13 16:00:00,9,16916.0,16718.267861261833,17752.0,3.877285730546826,0.04523136276512951,gap_stop,0.0058445299934431275
BTCUSD_4h,long,2022-12-16 08:00:00,2022-12-16 12:00:00,2022-12-16 20:00:00,2,17026.0,16608.350949718642,16664.46873902445,-1.0269679726666547,-0.02514131835316795,stop,0.012265037304163008
BTCUSD_4h,short,2023-01-04 00:00:00,2023-01-04 04:00:00,2023-01-04 16:00:00,3,16865.0,17034.582218405012,16924.920602709844,-0.7518503125767401,-0.007575212322971787,stop,0.005027637663949343
BTCUSD_4h,short,2023-01-04 20:00:00,2023-01-05 00:00:00,2023-01-06 16:00:00,10,16847.0,17026.79378498961,16840.769386808934,-0.34008364408192965,-0.0036366985518820664,stop,0.005336077194444405
BTCUSD_4h,long,2023-01-30 16:00:00,2023-01-30 20:00:00,2023-02-01 16:00:00,11,22775.0,22115.905464906664,22774.300452086645,-0.13927918368269962,-0.0040226089562928275,stop,0.014469693415880043
BTCUSD_4h,long,2023-02-05 12:00:00,2023-02-05 16:00:00,2023-02-06 04:00:00,3,23103.0,22640.55484442829,22674.983513818268,-1.1235331302520224,-0.02244450428275451,stop,0.010008335618138575
BTCUSD_4h,long,2023-02-06 08:00:00,2023-02-06 12:00:00,2023-02-06 20:00:00,2,22887.0,22403.225138432485,22662.388002015767,-0.6525985516595642,-0.013766793933793911,stop,0.010568769641445257
BTCUSD_4h,long,2023-02-09 00:00:00,2023-02-09 04:00:00,2023-02-09 16:00:00,3,22506.0,21976.391191297345,22306.282597405345,-0.5463314866273545,-0.012830553581784424,stop,0.01176594705195625
BTCUSD_4h,long,2023-02-09 20:00:00,2023-02-10 00:00:00,2023-02-12 20:00:00,17,21803.0,21208.575300823995,21675.722502561053,-0.3604072016876871,-0.009806326092211716,stop,0.01363171809328999
BTCUSD_4h,long,2023-02-22 04:00:00,2023-02-22 08:00:00,2023-02-23 08:00:00,6,24065.0,23267.11302496199,23793.542406318764,-0.46018382299871635,-0.015227167874675466,stop,0.01657774724782899
BTCUSD_4h,long,2023-02-24 12:00:00,2023-02-24 16:00:00,2023-02-27 16:00:00,18,23346.0,22543.47544746834,23303.97064926643,-0.16862947258771227,-0.005785109812590347,stop,0.017187624272501912
BTCUSD_4h,short,2023-03-12 16:00:00,2023-03-12 20:00:00,2023-03-12 20:00:00,0,21084.0,21833.89229198386,21833.89229198386,-1.1144641510541338,-0.0397174578985247,stop,0.017783444602159408
BTCUSD_4h,short,2023-03-13 00:00:00,2023-03-13 04:00:00,2023-03-13 12:00:00,2,22331.0,23239.733659924856,22824.41830881276,-0.6423544886393423,-0.026192241427478512,stop,0.02034690922763999
BTCUSD_4h,long,2023-03-22 16:00:00,2023-03-22 20:00:00,2023-03-24 08:00:00,9,26739.0,25434.657116964165,27623.559666084606,0.5948087399738758,0.028957177710566294,stop,0.024390270448330788
BTCUSD_4h,long,2023-03-27 12:00:00,2023-03-27 16:00:00,2023-03-30 12:00:00,17,26916.0,25911.45675567224,28247.07621687146,1.2152289822571478,0.045263539811361,stop,0.018660708209387752
BTCUSD_4h,long,2023-04-03 00:00:00,2023-04-03 04:00:00,2023-04-03 20:00:00,4,27770.0,27081.46312290489,27787.7207539333,-0.13564224470967132,-0.003356437559686813,stop,0.01239713498550793
BTCUSD_4h,long,2023-04-17 04:00:00,2023-04-17 08:00:00,2023-04-17 08:00:00,0,29865.0,29337.09154128677,29337.09154128677,-1.2242892325900252,-0.02159794396794239,stop,0.008838246420780712
BTCUSD_4h,long,2023-04-17 12:00:00,2023-04-17 16:00:00,2023-04-19 08:00:00,10,29369.0,28776.62995141563,29845.89908946489,0.6051441867167626,0.012181340315248059,stop,0.010084954349558521
BTCUSD_4h,long,2023-04-19 12:00:00,2023-04-19 16:00:00,2023-04-19 20:00:00,1,29284.0,28538.750473598528,28654.12543977006,-1.0006726400893236,-0.02541532190057392,stop,0.012724517251766692
BTCUSD_4h,long,2023-04-20 00:00:00,2023-04-20 04:00:00,2023-04-20 16:00:00,3,28872.0,28081.975506740513,28332.029901220136,-0.8283011022638869,-0.022619562709656253,stop,0.013681499259827642
BTCUSD_4h,short,2023-04-25 20:00:00,2023-04-26 00:00:00,2023-04-26 08:00:00,2,28306.0,29070.886418608454,28985.335738494025,-1.0379559509180176,-0.028103915382910762,stop,0.013511029792419497
BTCUSD_4h,short,2023-05-15 04:00:00,2023-05-15 08:00:00,2023-05-17 16:00:00,14,27424.0,28075.377599095787,27146.898907796007,0.2578524263369688,0.0061368103179959,stop,0.011876050158543407
BTCUSD_4h,short,2023-05-17 20:00:00,2023-05-18 00:00:00,2023-05-18 20:00:00,5,27413.0,28051.68254388769,27040.193624248255,0.413194302911231,0.009646111195259094,stop,0.01164926392382613
BTCUSD_4h,short,2023-05-23 00:00:00,2023-05-23 04:00:00,2023-05-25 12:00:00,14,27379.0,27853.824230007784,26403.706937973366,1.8274712900318097,0.03175669605585711,stop,0.00867132163351079
BTCUSD_4h,short,2023-05-28 00:00:00,2023-05-28 04:00:00,2023-05-28 16:00:00,3,27213.0,27677.077080676732,27547.85034484212,-0.9575393055046143,-0.016362127316839503,stop,0.008526753402357926
BTCUSD_4h,short,2023-05-29 12:00:00,2023-05-29 16:00:00,2023-06-02 04:00:00,21,27638.0,28211.086724884117,27156.46475480304,0.6490227386833305,0.013484756461593491,stop,0.010367731472684659
BTCUSD_4h,short,2023-06-06 16:00:00,2023-06-06 20:00:00,2023-06-10 16:00:00,23,27109.0,27829.0758245064,26104.961965926224,1.2465494321479558,0.033177502969416746,stop,0.013281121113032566
BTCUSD_4h,short,2023-06-16 16:00:00,2023-06-16 20:00:00,2023-06-18 20:00:00,12,26362.0,27053.55625249854,26667.287170878924,-0.5948116928080998,-0.015635008170528226,stop,0.013116536159975347
BTCUSD_4h,long,2023-07-05 08:00:00,2023-07-05 12:00:00,2023-07-06 12:00:00,6,30398.0,29832.272341814936,30852.0,0.5859709971817535,0.010883555607385138,gap_stop,0.009305343413794695
BTCUSD_4h,long,2023-07-06 20:00:00,2023-07-07 00:00:00,2023-07-10 00:00:00,18,29901.0,29175.887869215414,29986.639690429547,-0.047076289999969025,-0.0011393416288158988,stop,0.012125215390531852
BTCUSD_4h,long,2023-07-14 16:00:00,2023-07-14 20:00:00,2023-07-17 16:00:00,17,30137.0,29300.743620910427,29970.850240415923,-0.3424373998517943,-0.009483155998283477,stop,0.013874247255691915
BTCUSD_4h,long,2023-07-18 04:00:00,2023-07-18 08:00:00,2023-07-18 16:00:00,2,29965.0,29437.946888638522,29574.593539450056,-0.966668513373816,-0.016968753886481804,stop,0.00879447874789717
BTCUSD_4h,short,2023-08-01 20:00:00,2023-08-02 00:00:00,2023-08-06 08:00:00,26,29697.0,30175.426361085803,29096.265283448065,1.0098694914898072,0.016301862774781444,stop,0.00805512949263904
BTCUSD_4h,short,2023-08-08 08:00:00,2023-08-08 12:00:00,2023-08-08 16:00:00,1,29404.0,29759.77153890114,29705.78785755106,-1.180553774940584,-0.014312649011332442,stop,0.006049713285626784
BTCUSD_4h,short,2023-08-09 00:00:00,2023-08-09 04:00:00,2023-08-09 12:00:00,2,29708.0,30163.036415101924,30092.669153837884,-1.1081981032937922,-0.01700824876309637,stop,0.007658482817791887
BTCUSD_4h,short,2023-08-14 12:00:00,2023-08-14 16:00:00,2023-08-19 16:00:00,30,29575.0,29850.114307089047,26258.399028800675,11.649463843057704,0.10858349575369582,stop,0.00465112945205489
BTCUSD_4h,short,2023-08-23 16:00:00,2023-08-23 20:00:00,2023-08-27 12:00:00,22,26619.0,27173.593806309877,26064.03664759812,0.8106785073893726,0.016923936874337787,stop,0.01041725471110626
BTCUSD_4h,short,2023-08-29 12:00:00,2023-08-29 16:00:00,2023-08-29 16:00:00,0,27424.0,27959.480986494367,27959.480986494367,-1.2068550793897417,-0.023612275180004,stop,0.009762999316189609
BTCUSD_4h,short,2023-08-29 20:00:00,2023-08-30 00:00:00,2023-08-31 08:00:00,8,27722.0,28337.07289141606,27529.541061822576,0.13324576192115478,0.0029622717064523947,stop,0.011093587970133144
BTCUSD_4h,short,2023-09-07 20:00:00,2023-09-08 00:00:00,2023-09-10 20:00:00,17,26256.0,26672.764999424762,25888.352547090595,0.6319118644289357,0.01005052257986516,stop,0.007936566868996875
BTCUSD_4h,short,2023-09-12 08:00:00,2023-09-12 12:00:00,2023-09-13 12:00:00,6,26086.0,26658.5813757029,26369.469121364717,-0.6782967034697369,-0.01491828476424763,stop,0.010974878779860817
BTCUSD_4h,short,2023-09-14 04:00:00,2023-09-14 08:00:00,2023-09-15 20:00:00,9,26338.0,26939.198728875897,26761.776263191332,-0.8815318300965892,-0.020162422792190538,stop,0.011413143155818513
BTCUSD_4h,long,2023-09-21 12:00:00,2023-09-21 16:00:00,2023-09-24 16:00:00,18,26582.0,26006.076652985736,26475.15052642016,-0.36977798475567975,-0.007995587135588154,stop,0.010832957396250585
BTCUSD_4h,long,2023-10-09 08:00:00,2023-10-09 12:00:00,2023-10-10 16:00:00,7,27477.0,27034.348840988332,27315.508406499303,-0.6123933142272739,-0.009845890717153579,stop,0.008054939749821065
BTCUSD_4h,long,2023-10-10 20:00:00,2023-10-11 00:00:00,2023-10-11 04:00:00,1,27394.0,26962.246527437175,27008.086061191665,-1.145834700515891,-0.01802331348585301,stop,0.00788043864647045
BTCUSD_4h,long,2023-10-11 08:00:00,2023-10-11 12:00:00,2023-10-11 16:00:00,1,27199.0,26730.95175684383,26755.383774212132,-1.1783507392682862,-0.020236925807794456,stop,0.008604144328029835
BTCUSD_4h,long,2023-10-11 20:00:00,2023-10-12 00:00:00,2023-10-16 16:00:00,28,26870.0,26368.7441726625,28073.0,2.1807507072910193,0.040600377213566824,gap_stop,0.00932742514584108
BTCUSD_4h,long,2023-11-14 08:00:00,2023-11-14 12:00:00,2023-11-14 16:00:00,1,36272.0,35498.421893527535,35864.53461541843,-0.7132291480279224,-0.015180777995520034,stop,0.010663571163327962
BTCUSD_4h,long,2023-11-14 20:00:00,2023-11-15 00:00:00,2023-11-16 12:00:00,9,35564.0,34590.54260206997,36930.94048403616,1.2552687006811576,0.0342906191628691,stop,0.013685994234760294
BTCUSD_4h,long,2023-11-16 16:00:00,2023-11-16 20:00:00,2023-11-20 12:00:00,22,35908.0,34711.65276429649,36731.90950176906,0.5672514321199189,0.018861399479239253,stop,0.016658505565661022
BTCUSD_4h,long,2023-11-21 20:00:00,2023-11-22 00:00:00,2023-11-26 04:00:00,25,35762.0,34663.67034364287,37726.72564541867,1.655011483671336,0.050727586662362274,stop,0.015356099440147741
BTCUSD_4h,long,2023-11-27 08:00:00,2023-11-27 12:00:00,2023-11-29 12:00:00,12,37019.0,36312.74692071952,37631.08074790606,0.655261690160304,0.01247621147694207,stop,0.00953906209352609
BTCUSD_4h,long,2023-12-11 00:00:00,2023-12-11 04:00:00,2023-12-11 16:00:00,3,42305.0,41087.99515710028,41271.48051811198,-0.9865798397839096,-0.02832468717981236,stop,0.014383699833349669
BTCUSD_4h,long,2023-12-11 20:00:00,2023-12-12 00:00:00,2023-12-12 16:00:00,4,41232.0,39836.065852147236,40700.781587889025,-0.49793464566787576,-0.016824228320782623,stop,0.016927800589987902
BTCUSD_4h,long,2023-12-12 20:00:00,2023-12-13 00:00:00,2023-12-14 12:00:00,9,41483.0,40108.449762606484,42109.53386304608,0.33418116182572216,0.011051079513465113,stop,0.016567632974875474
BTCUSD_4h,long,2023-12-17 20:00:00,2023-12-18 00:00:00,2023-12-19 12:00:00,9,41337.0,40260.45759136451,42292.09461086166,0.7318210739496264,0.01902082622958216,stop,0.013021535290847056
BTCUSD_4h,long,2023-12-24 20:00:00,2023-12-25 00:00:00,2023-12-26 04:00:00,7,43015.0,42132.24638827812,43004.66992094351,-0.20659152959187999,-0.0042312079061307606,stop,0.010260997462767384
BTCUSD_4h,long,2023-12-26 08:00:00,2023-12-26 12:00:00,2023-12-26 16:00:00,1,42672.0,41771.04192162986,41896.39607008487,-1.0485956502708376,-0.022095402419179722,stop,0.010556782883039666
BTCUSD_4h,long,2023-12-26 20:00:00,2023-12-27 00:00:00,2023-12-28 04:00:00,7,42511.0,41545.025182879304,42847.00230947953,0.1711082959214738,0.0038803225536079297,stop,0.011361468997679385
BTCUSD_4h,long,2023-12-28 12:00:00,2023-12-28 16:00:00,2023-12-29 16:00:00,6,42457.0,41438.01387533766,42029.862058246974,-0.5850046938245108,-0.014012337711686347,stop,0.012000213447280085
BTCUSD_4h,long,2023-12-29 20:00:00,2023-12-30 00:00:00,2024-01-02 20:00:00,23,42069.0,40895.41167267213,44797.176332796276,2.176609907110169,0.060599141637585494,stop,0.013948374424491483
BTCUSD_4h,long,2024-01-03 12:00:00,2024-01-03 16:00:00,2024-01-05 00:00:00,8,43008.0,41419.023034131045,43210.78230070255,0.01909702705133157,0.0007041519662762966,stop,0.018473039502754814
BTCUSD_4h,long,2024-01-12 12:00:00,2024-01-12 16:00:00,2024-01-12 20:00:00,1,44336.0,42135.58929732622,42343.475776088635,-0.9843085987682746,-0.04875406115465612,stop,0.024815169418461052
BTCUSD_4h,short,2024-01-26 08:00:00,2024-01-26 12:00:00,2024-01-26 16:00:00,1,41284.0,42458.486972837265,42081.16647477746,-0.8206960400748304,-0.02339474044802662,stop,0.014224481310401925
BTCUSD_4h,short,2024-01-26 20:00:00,2024-01-27 00:00:00,2024-01-28 04:00:00,7,41817.0,43009.60272570098,42316.49205763897,-0.5599174204148794,-0.01600060349204148,stop,0.014259783409868889
BTCUSD_4h,short,2024-01-28 08:00:00,2024-01-28 12:00:00,2024-01-29 12:00:00,6,42477.0,43402.28141704585,42552.82402917386,-0.26573934448747893,-0.005800231421531534,stop,0.010891557984860608
BTCUSD_4h,long,2024-02-21 08:00:00,2024-02-21 12:00:00,2024-02-23 16:00:00,13,50972.0,49604.70196017843,50778.11310489872,-0.2906367958831664,-0.007780623350941451,stop,0.013412246329568916
BTCUSD_4h,long,2024-03-05 16:00:00,2024-03-05 20:00:00,2024-03-08 16:00:00,17,61465.0,57674.01293950714,67090.63393294992,1.4161279317017932,0.08716842188208002,stop,0.030838583425468656
BTCUSD_4h,long,2024-03-14 16:00:00,2024-03-14 20:00:00,2024-03-15 00:00:00,1,69284.0,66512.70169731663,68775.93729036544,-0.282965779416813,-0.0112957876207531,stop,0.019999554750616027
BTCUSD_4h,long,2024-03-15 04:00:00,2024-03-15 08:00:00,2024-03-16 16:00:00,8,68440.0,64896.5224595498,67125.8742428154,-0.447373374763606,-0.023116500862539212,stop,0.02588747472567357
BTCUSD_4h,long,2024-03-16 20:00:00,2024-03-17 00:00:00,2024-03-19 00:00:00,12,65245.0,61626.12626038675,65730.44440621286,0.061757754893191456,0.003418613266232379,stop,0.027732958384652104
BTCUSD_4h,long,2024-03-19 04:00:00,2024-03-19 08:00:00,2024-03-19 20:00:00,3,64659.0,61149.158697193736,62173.0840589412,-0.7805424441801047,-0.04228509388338627,stop,0.027141165984675454
BTCUSD_4h,long,2024-03-20 00:00:00,2024-03-20 04:00:00,2024-03-22 08:00:00,13,61820.0,58078.847989597256,64797.62312859669,0.7282216479747403,0.043981720840743276,stop,0.0302584277774405
BTCUSD_4h,long,2024-04-01 12:00:00,2024-04-01 16:00:00,2024-04-02 00:00:00,2,68183.0,66414.28789291366,68074.65129542045,-0.21533408724034578,-0.005574759097887192,stop,0.01297033063290213
BTCUSD_4h,short,2024-04-22 04:00:00,2024-04-22 08:00:00,2024-04-25 16:00:00,20,66026.0,68389.6862194007,64705.23814332776,0.44815566960244285,0.016075822022161824,stop,0.017899662401180624
BTCUSD_4h,short,2024-05-03 12:00:00,2024-05-03 16:00:00,2024-05-04 08:00:00,4,61704.0,64345.23153711294,64003.8983218316,-0.9659562528410682,-0.041430490282965575,stop,0.021402433692410024
BTCUSD_4h,short,2024-05-04 12:00:00,2024-05-04 16:00:00,2024-05-06 08:00:00,10,63630.0,66037.51436933439,64876.1216856659,-0.6243509688595593,-0.023670379089740606,stop,0.01891807613809827
BTCUSD_4h,short,2024-05-13 04:00:00,2024-05-13 08:00:00,2024-05-15 08:00:00,12,62304.0,63901.49043344514,62599.161538300825,-0.34113998429533465,-0.008764445000964679,stop,0.012820127387046899
BTCUSD_4h,long,2024-05-23 12:00:00,2024-05-23 16:00:00,2024-05-26 20:00:00,19,68022.0,66029.30339562018,68147.32567710764,-0.07377589439528338,-0.002156942388877315,stop,0.014647442036251639
BTCUSD_4h,long,2024-05-28 04:00:00,2024-05-28 08:00:00,2024-05-29 20:00:00,9,67624.0,65827.31162820868,67132.76564385668,-0.4234167145371874,-0.011227218569944094,stop,0.013284398821360168
BTCUSD_4h,long,2024-05-31 12:00:00,2024-05-31 16:00:00,2024-06-03 20:00:00,19,67150.0,65409.273376738376,68736.53084228787,0.7552925100552625,0.01954033527291349,stop,0.012961478952059766
BTCUSD_4h,long,2024-06-07 16:00:00,2024-06-07 20:00:00,2024-06-11 00:00:00,19,69213.0,67416.31216288048,69143.7113722391,-0.19257772182624355,-0.0049891122715399975,stop,0.012979410205593702
BTCUSD_4h,long,2024-06-11 04:00:00,2024-06-11 08:00:00,2024-06-11 12:00:00,1,67509.0,66244.94886251877,66303.952515196,-1.165042573173792,-0.021770933090260777,stop,0.00936209347998963
BTCUSD_4h,long,2024-06-11 16:00:00,2024-06-11 20:00:00,2024-06-12 16:00:00,5,67320.0,65827.15293402104,68398.30697836369,0.540490973787621,0.011961673272690522,stop,0.011087693597585905
BTCUSD_4h,short,2024-06-30 16:00:00,2024-06-30 20:00:00,2024-07-01 00:00:00,1,61931.0,63082.480576630376,62988.80339258535,-1.1356188075678466,-0.0211568281865846,stop,0.009296479764821947
BTCUSD_4h,short,2024-07-01 04:00:00,2024-07-01 08:00:00,2024-07-01 16:00:00,2,63211.0,64475.820272178185,63736.62564284752,-0.6163096143223359,-0.01235675847959559,stop,0.010004748162330795
BTCUSD_4h,short,2024-07-01 20:00:00,2024-07-02 00:00:00,2024-07-04 20:00:00,17,62822.0,64125.13639612873,58728.144809401485,2.9549899092829306,0.06141911821764753,stop,0.010371656395281313
BTCUSD_4h,short,2024-07-10 04:00:00,2024-07-10 08:00:00,2024-07-11 12:00:00,7,58999.0,61144.447528493656,59050.37409571635,-0.13399201802414906,-0.004882268204399579,stop,0.018182066886673155
BTCUSD_4h,short,2024-07-13 12:00:00,2024-07-13 16:00:00,2024-07-14 04:00:00,3,58851.0,60535.088635825115,60000.44851782353,-0.8236807643913289,-0.023617802202409634,stop,0.014308071535106595
BTCUSD_4h,short,2024-07-14 08:00:00,2024-07-14 12:00:00,2024-07-14 20:00:00,2,60134.0,61777.9224464907,61057.851497229225,-0.7094222739723894,-0.01943280581557047,stop,0.013668826674516094
BTCUSD_4h,long,2024-07-23 16:00:00,2024-07-23 20:00:00,2024-07-24 20:00:00,6,65540.0,63578.39533567803,65346.94959572259,-0.23186338804208936,-0.006925792958922811,stop,0.014964942510848074
BTCUSD_4h,long,2024-07-25 00:00:00,2024-07-25 04:00:00,2024-07-27 20:00:00,16,64080.0,62150.493535642316,67657.57420154565,1.7175889868012353,0.051614920177475085,stop,0.015055449940368925
BTCUSD_4h,long,2024-07-29 20:00:00,2024-07-30 00:00:00,2024-07-31 16:00:00,10,66765.0,64695.25098453604,65127.65424062094,-0.9185321764407915,-0.02841812918550373,stop,0.015500254740237859
BTCUSD_4h,long,2024-07-31 20:00:00,2024-08-01 00:00:00,2024-08-01 12:00:00,3,64612.0,62637.43146257622,62903.58196912535,-0.9943687228879984,-0.030327650197236107,stop,0.015280199788149108
BTCUSD_4h,long,2024-08-01 16:00:00,2024-08-01 20:00:00,2024-08-02 12:00:00,4,63340.0,61222.86914684788,63273.80706493017,-0.15087425924765915,-0.00503288574728804,stop,0.016712431742596495
BTCUSD_4h,short,2024-08-08 12:00:00,2024-08-08 16:00:00,2024-08-08 20:00:00,1,59456.0,62864.94713818923,62542.73662831857,-0.9770565416700561,-0.05613241589434255,stop,0.028667814334879846
BTCUSD_4h,short,2024-08-09 00:00:00,2024-08-09 04:00:00,2024-08-11 08:00:00,13,61369.0,64755.237194825706,61741.76876795701,-0.1827959088154711,-0.010106580961511027,stop,0.027589150832062675
BTCUSD_4h,short,2024-08-20 00:00:00,2024-08-20 04:00:00,2024-08-21 16:00:00,9,60663.0,62423.23561467019,60350.06729149968,0.04028243340060017,0.001171202730821691,stop,0.014508313260720638
BTCUSD_4h,short,2024-08-21 20:00:00,2024-08-22 00:00:00,2024-08-23 12:00:00,9,61169.0,63200.88951874082,61530.40650937874,-0.29864090384872416,-0.009940024606054752,stop,0.016608817528002893
BTCUSD_4h,long,2024-08-27 08:00:00,2024-08-27 12:00:00,2024-08-27 20:00:00,2,62409.0,60975.207240041294,61007.25012023969,-1.149805206191914,-0.026363053348202613,stop,0.01148706724958506
BTCUSD_4h,short,2024-09-09 16:00:00,2024-09-09 20:00:00,2024-09-11 16:00:00,11,57102.0,58858.6299114037,57355.79171357833,-0.27479168712307406,-0.00847036261948926,stop,0.015381509504077802
BTCUSD_4h,short,2024-09-12 00:00:00,2024-09-12 04:00:00,2024-09-13 12:00:00,8,58250.0,60082.06355493133,58902.23163069991,-0.48390029460224626,-0.015250003766525484,stop,0.015725867424303295
BTCUSD_4h,long,2024-09-30 00:00:00,2024-09-30 04:00:00,2024-09-30 08:00:00,1,64519.0,63344.10735889268,63570.7425475432,-1.025146379686848,-0.01863068044774827,stop,0.009105012795512306
BTCUSD_4h,long,2024-09-30 12:00:00,2024-09-30 16:00:00,2024-10-01 12:00:00,5,63546.0,62299.74229864695,62873.4186709621,-0.7425592358427159,-0.01453392849808241,stop,0.009805949244272277
BTCUSD_4h,long,2024-10-01 16:00:00,2024-10-01 20:00:00,2024-10-01 20:00:00,0,61756.0,60174.89671118671,60174.89671118671,-1.1542352072427888,-0.029492234557952936,stop,0.012801211937409244
BTCUSD_4h,long,2024-10-02 00:00:00,2024-10-02 04:00:00,2024-10-02 16:00:00,3,61735.0,59996.94665403344,60231.80760731676,-1.0052200135009481,-0.02824392533306876,stop,0.014076725892658635
BTCUSD_4h,long,2024-10-02 20:00:00,2024-10-03 00:00:00,2024-10-07 08:00:00,26,60627.0,58644.162095808366,62743.129838912995,0.9427848717655434,0.030772729356718116,stop,0.016352762830023227
BTCUSD_4h,long,2024-10-21 12:00:00,2024-10-21 16:00:00,2024-10-22 00:00:00,2,67297.0,66007.25021858895,66569.0320762323,-0.7720102009482903,-0.014766075200894128,stop,0.009582520628044789
BTCUSD_4h,long,2024-10-23 04:00:00,2024-10-23 08:00:00,2024-10-23 16:00:00,2,66790.0,65437.62601682086,65597.6527299051,-1.077455344215762,-0.02177293228417727,stop,0.010124075334474751
BTCUSD_4h,long,2024-10-31 16:00:00,2024-10-31 20:00:00,2024-11-01 16:00:00,5,69974.0,68208.35016664794,69372.0,-0.49879199338638425,-0.012560867346965114,gap_stop,0.01261647064161019
BTCUSD_4h,long,2024-11-03 00:00:00,2024-11-03 04:00:00,2024-11-04 16:00:00,9,68365.0,66590.17677205602,67752.96749324024,-0.49822902237458133,-0.012908702331258345,stop,0.012980496072142021
BTCUSD_4h,long,2024-11-04 20:00:00,2024-11-05 00:00:00,2024-11-10 20:00:00,35,67817.0,65953.68789455132,78894.17586993951,5.78741129125167,0.15869515106948812,stop,0.013737795135796925
BTCUSD_4h,long,2024-11-24 12:00:00,2024-11-24 16:00:00,2024-11-25 12:00:00,5,95972.0,93580.1928808192,96569.04580550145,0.08862073876719401,0.002204191145596486,stop,0.01246096319333134
BTCUSD_4h,long,2024-11-25 16:00:00,2024-11-25 20:00:00,2024-11-26 08:00:00,3,94655.0,91784.46296494767,92279.92989602283,-0.9576396089657482,-0.02898370986903918,stop,0.015163155855751571
BTCUSD_4h,long,2024-11-26 12:00:00,2024-11-26 16:00:00,2024-11-26 20:00:00,1,92845.0,89565.34107560152,91232.74528448713,-0.6038463912661489,-0.021287708454939335,stop,0.01766201154827117
BTCUSD_4h,long,2024-11-27 00:00:00,2024-11-27 04:00:00,2024-12-01 00:00:00,23,92583.0,89183.10180142002,96374.18252219718,1.0039324585007874,0.03679352847347218,stop,0.01836135250845173
BTCUSD_4h,long,2024-12-02 08:00:00,2024-12-02 12:00:00,2024-12-02 16:00:00,1,95108.0,92907.11343521124,94875.31961841045,-0.27836374242448986,-0.006428735463698272,stop,0.011570459713109047
BTCUSD_4h,long,2024-12-09 16:00:00,2024-12-09 20:00:00,2024-12-10 16:00:00,5,97012.0,93759.98974531607,94723.04411202854,-0.8217766141254848,-0.027492390555913675,stop,0.016760865947944275
BTCUSD_4h,long,2024-12-18 16:00:00,2024-12-18 20:00:00,2024-12-19 00:00:00,1,102768.0,99673.69923267787,99673.69923267787,-1.130848107185054,-0.03398139271227405,stop,0.015054787323496256
BTCUSD_4h,long,2024-12-19 04:00:00,2024-12-19 08:00:00,2024-12-19 16:00:00,2,101598.0,98270.64548622204,99292.45652292047,-0.8136567290665394,-0.026594229699672282,stop,0.016375098494940628
BTCUSD_4h,short,2025-01-02 04:00:00,2025-01-02 08:00:00,2025-01-03 16:00:00,8,95699.0,98054.1305431366,97743.57957192304,-1.0324118712454096,-0.025458337139140825,stop,0.012304885856365333
BTCUSD_4h,short,2025-01-04 08:00:00,2025-01-04 12:00:00,2025-01-06 00:00:00,9,97856.0,99883.09874379699,98950.24367464025,-0.7339830713932604,-0.015235017144220726,stop,0.010357559801121007
BTCUSD_4h,short,2025-01-14 08:00:00,2025-01-14 12:00:00,2025-01-15 12:00:00,6,96621.0,99685.00718754479,98094.21363931401,-0.6079111283303431,-0.019316471783909304,stop,0.01585580353931751
BTCUSD_4h,long,2025-01-26 20:00:00,2025-01-27 00:00:00,2025-01-27 04:00:00,1,102573.0,99892.47354619541,100339.22543575289,-0.9847315669547353,-0.0256824929992278,stop,0.01306643294923901
BTCUSD_4h,long,2025-01-27 08:00:00,2025-01-27 12:00:00,2025-01-27 16:00:00,1,98787.0,95672.23009511345,98899.85651689107,-0.09070242899787721,-0.002854153780999217,stop,0.01576507994415532
BTCUSD_4h,long,2025-01-31 16:00:00,2025-01-31 20:00:00,2025-02-02 00:00:00,7,102252.0,99139.54999707901,100243.33923628906,-0.7754827996974538,-0.02355781573596847,stop,0.0152195067231985
BTCUSD_4h,short,2025-02-20 16:00:00,2025-02-20 20:00:00,2025-02-22 12:00:00,10,98456.0,100457.37671331767,96910.18923021469,0.5771419161813471,0.011755435704073386,stop,0.010163812836788402
BTCUSD_4h,short,2025-03-02 16:00:00,2025-03-02 20:00:00,2025-03-04 16:00:00,11,93527.0,97953.75511679238,86452.7411985088,1.5167541781618468,0.07193382476452448,stop,0.02366565332359845
BTCUSD_4h,short,2025-03-05 08:00:00,2025-03-05 12:00:00,2025-03-06 04:00:00,4,89802.0,94943.90533858274,92548.31831464134,-0.605032326816058,-0.03471251707297167,stop,0.02862912484456218
BTCUSD_4h,short,2025-03-06 08:00:00,2025-03-06 12:00:00,2025-03-07 12:00:00,6,91350.0,95995.8867100734,89805.83766611418,0.2543864567319423,0.012963536910203485,stop,0.025429046032147802
BTCUSD_4h,short,2025-03-14 12:00:00,2025-03-14 16:00:00,2025-03-16 16:00:00,12,84724.0,88148.11648260878,84710.8915891065,-0.09513735117928121,-0.0038526769355328896,stop,0.020207476527363974
BTCUSD_4h,short,2025-03-19 12:00:00,2025-03-19 16:00:00,2025-03-19 20:00:00,1,84803.0,87016.51687459768,85987.69424069785,-0.6895251835189435,-0.018033964574069267,stop,0.013050934958655273
BTCUSD_4h,short,2025-03-20 00:00:00,2025-03-20 04:00:00,2025-03-23 08:00:00,19,85895.0,88453.35880958132,84679.14174282223,0.34190277392531637,0.010203887298342219,stop,0.014892361660057692
BTCUSD_4h,short,2025-03-23 12:00:00,2025-03-23 16:00:00,2025-03-24 00:00:00,2,85176.0,86692.03548233141,86305.31866216488,-0.9711390773157076,-0.01731980561443636,stop,0.008899428725999171
BTCUSD_4h,short,2025-03-24 04:00:00,2025-03-24 08:00:00,2025-03-24 12:00:00,1,86880.0,88467.2562320613,88467.2562320613,-1.2209438560582544,-0.02235076442624461,stop,0.009134761924846418
BTCUSD_4h,short,2025-04-09 16:00:00,2025-04-09 20:00:00,2025-04-11 08:00:00,9,82404.0,86897.87899247475,82174.79568924336,-0.022242094366409455,-0.0012153971627280645,stop,0.027267359548533814
BTCUSD_4h,short,2025-04-11 12:00:00,2025-04-11 16:00:00,2025-04-12 12:00:00,5,82466.0,86261.58403817411,85270.75542237941,-0.8273374799876125,-0.03815538497294079,stop,0.023013023780552696
BTCUSD_4h,long,2025-05-04 20:00:00,2025-05-05 00:00:00,2025-05-06 12:00:00,9,94301.0,92743.89702647828,93545.03387425216,-0.7267715833442047,-0.011976536778050424,stop,0.008256025776618067
BTCUSD_4h,long,2025-05-15 04:00:00,2025-05-15 08:00:00,2025-05-18 16:00:00,20,101796.0,99482.62138419916,103920.60077860506,0.7405478572969273,0.016795827742603586,stop,0.011362816887701122
BTCUSD_4h,long,2025-05-28 12:00:00,2025-05-28 16:00:00,2025-05-29 12:00:00,5,107140.0,104707.8167817065,106551.41851298967,-0.41771701917635146,-0.009463659241497474,stop,0.011350491031797165
BTCUSD_4h,long,2025-05-29 16:00:00,2025-05-29 20:00:00,2025-05-30 16:00:00,5,105769.0,103200.029228037,103915.95571174865,-0.8845621073136795,-0.021441806604858307,stop,0.01214425196401117
BTCUSD_4h,long,2025-05-30 20:00:00,2025-05-31 00:00:00,2025-06-02 12:00:00,15,103988.0,101354.38259795422,103929.64394074,-0.18005324037315507,-0.004550956431767323,stop,0.012663083250210537
BTCUSD_4h,long,2025-06-12 08:00:00,2025-06-12 12:00:00,2025-06-12 20:00:00,2,106928.0,104971.43138483734,106358.85665325262,-0.5089098600158817,-0.009293446065129725,stop,0.009149000332759673
BTCUSD_4h,short,2025-06-23 20:00:00,2025-06-24 00:00:00,2025-06-25 12:00:00,9,105418.0,108697.7658586421,107247.58869034053,-0.6875246480719206,-0.02143313993067251,stop,0.015556004945275492
BTCUSD_4h,long,2025-07-01 08:00:00,2025-07-01 12:00:00,2025-07-01 16:00:00,1,106623.0,105149.93223197247,105627.57992968873,-0.963921186105343,-0.013290632003024919,stop,0.00690783305678662
BTCUSD_4h,long,2025-07-01 20:00:00,2025-07-02 00:00:00,2025-07-04 08:00:00,14,105698.0,104087.49493937446,108762.0,1.6361823780774125,0.0248805120180272,gap_stop,0.007618427314734113
BTCUSD_4h,long,2025-07-15 04:00:00,2025-07-15 08:00:00,2025-07-18 12:00:00,19,116769.0,113952.14467153208,118036.39078537625,0.28321653431857613,0.006818484602492121,stop,0.01206165732543709
BTCUSD_4h,long,2025-07-21 16:00:00,2025-07-21 20:00:00,2025-07-23 12:00:00,10,116803.0,114339.08169687429,117685.54396710102,0.16784926620423252,0.003533654070307102,stop,0.010547324568400242
BTCUSD_4h,long,2025-07-25 00:00:00,2025-07-25 04:00:00,2025-07-28 12:00:00,20,115400.0,112672.2324123285,118020.12478633637,0.7893944287980199,0.01862206727587884,stop,0.011818750379859128
BTCUSD_4h,long,2025-07-31 16:00:00,2025-07-31 20:00:00,2025-08-01 00:00:00,1,116760.0,114628.02584268662,114779.452568209,-1.1461800925423855,-0.020886851997678365,stop,0.00912972832011554
BTCUSD_4h,long,2025-08-01 04:00:00,2025-08-01 08:00:00,2025-08-01 16:00:00,2,115055.0,112758.90042871083,113545.91414516393,-0.8563599365259247,-0.017055868560357883,stop,0.009978269398501481
BTCUSD_4h,long,2025-08-14 12:00:00,2025-08-14 16:00:00,2025-08-17 00:00:00,14,118297.0,115386.45262421672,117295.04547047554,-0.5061379975197839,-0.012428026273002503,stop,0.012301864695568267
BTCUSD_4h,short,2025-08-22 12:00:00,2025-08-22 16:00:00,2025-08-24 20:00:00,13,116391.0,119097.02176461909,113026.27902790067,1.0738592172604218,0.025016623568067463,stop,0.01162470364813037
BTCUSD_4h,short,2025-09-02 12:00:00,2025-09-02 16:00:00,2025-09-03 12:00:00,5,110848.0,113422.11180990875,112479.26756752477,-0.8072384791760414,-0.01878325522526563,stop,0.011610997987824518
BTCUSD_4h,short,2025-09-03 16:00:00,2025-09-03 20:00:00,2025-09-04 20:00:00,6,112240.0,114528.43989240658,111552.61415080917,0.10478781709972668,0.0021407803212377926,stop,0.010194404367456217
BTCUSD_4h,short,2025-09-05 04:00:00,2025-09-05 08:00:00,2025-09-08 08:00:00,18,112973.0,115384.31716083373,111643.55130791051,0.3650351781883906,0.007806994136393704,stop,0.01067209492902608
BTCUSD_4h,short,2025-09-08 12:00:00,2025-09-08 16:00:00,2025-09-09 04:00:00,3,112643.0,114316.52638284121,112773.6142358244,-0.34743848095714447,-0.0051722050165159544,stop,0.00742845264615292
BTCUSD_4h,short,2025-09-10 16:00:00,2025-09-10 20:00:00,2025-09-11 20:00:00,6,113621.0,115584.79382100512,115197.65517494995,-1.0358992189203629,-0.017940074667071537,stop,0.008641861192055674
BTCUSD_4h,long,2025-09-19 16:00:00,2025-09-19 20:00:00,2025-09-22 00:00:00,13,115160.0,113373.13535715836,115052.16879969943,-0.3180182338804853,-0.004924637854370993,stop,0.007758182714665013
BTCUSD_4h,long,2025-09-23 04:00:00,2025-09-23 08:00:00,2025-09-23 16:00:00,2,113153.0,111394.44134164628,111636.78360580724,-1.1178449760923233,-0.01733822538483667,stop,0.007770711595599444
BTCUSD_4h,short,2025-09-28 20:00:00,2025-09-29 00:00:00,2025-09-29 12:00:00,3,112203.0,113755.11756981119,113050.23261693702,-0.8361087506591157,-0.011589171071132557,stop,0.006916560028747853
BTCUSD_4h,long,2025-10-07 16:00:00,2025-10-07 20:00:00,2025-10-09 00:00:00,7,121701.0,119002.57952905873,121528.31108056131,-0.24427162063808666,-0.005405312017519376,stop,0.011086270741165938
BTCUSD_4h,long,2025-10-10 12:00:00,2025-10-10 16:00:00,2025-10-10 16:00:00,0,119061.0,115995.91108717362,115995.91108717362,-1.153376895595777,-0.02963309935341122,stop,0.012871926629317652
BTCUSD_4h,short,2025-10-20 00:00:00,2025-10-20 04:00:00,2025-10-21 12:00:00,8,110166.0,113074.56367957672,110229.16824130557,-0.17326716321422037,-0.004583705633478647,stop,0.013200822756461674
BTCUSD_4h,short,2025-10-21 16:00:00,2025-10-21 20:00:00,2025-10-23 04:00:00,8,111834.0,115346.1909835747,109498.52419196357,0.5389259207442049,0.016959099804957963,stop,0.01570269767501252
BTCUSD_4h,short,2025-10-24 04:00:00,2025-10-24 08:00:00,2025-10-26 08:00:00,12,111102.0,114102.05765606025,111775.50890844004,-0.37308080529584187,-0.010094390201231193,stop,0.013501366564329402
BTCUSD_4h,short,2025-10-26 12:00:00,2025-10-26 16:00:00,2025-10-26 20:00:00,1,113723.0,115809.91839554269,115303.70993871821,-0.9769252899155516,-0.017963376420856412,stop,0.009175445580677125
BTCUSD_4h,short,2025-11-09 16:00:00,2025-11-09 20:00:00,2025-11-11 00:00:00,7,104796.0,107369.27446681733,106630.23724611542,-0.8771274691888034,-0.02158109991317082,stop,0.01227754144632105
BTCUSD_4h,short,2025-11-26 16:00:00,2025-11-26 20:00:00,2025-11-28 08:00:00,9,89942.0,93090.73275372868,91979.35931579517,-0.7625931516681759,-0.026750728942561537,stop,0.017504240253322565
BTCUSD_4h,short,2025-11-28 12:00:00,2025-11-28 16:00:00,2025-12-01 20:00:00,19,92385.0,94918.20777739481,86328.22474988825,2.2498544538945278,0.06181490871131204,stop,0.013710059952345175
BTCUSD_4h,short,2025-12-02 12:00:00,2025-12-02 16:00:00,2025-12-03 04:00:00,3,90862.0,93752.7642009791,93174.3936222728,-0.9272518348641033,-0.029559530779519637,stop,0.015907443160942388
BTCUSD_4h,short,2025-12-03 08:00:00,2025-12-03 12:00:00,2025-12-07 16:00:00,25,93029.0,95918.73243007774,89868.19776589486,0.9672202898377545,0.0301046883948739,stop,0.01553135275063551
BTCUSD_4h,short,2025-12-08 08:00:00,2025-12-08 12:00:00,2025-12-09 12:00:00,6,91973.0,94455.36481654296,91979.5356273976,-0.15084031813416449,-0.004079361125700209,stop,0.013495073644129043
BTCUSD_4h,short,2025-12-09 20:00:00,2025-12-10 00:00:00,2025-12-10 20:00:00,5,92693.0,95469.8585180002,94081.97673189826,-0.6347196567405134,-0.019052774243664482,stop,0.014978792994078319
BTCUSD_4h,short,2025-12-30 12:00:00,2025-12-30 16:00:00,2026-01-01 20:00:00,13,88913.0,90569.12711229337,88468.4029846093,0.05424354734285734,0.0010123855667592983,stop,0.009313188804187078
BTCUSD_4h,short,2026-01-02 00:00:00,2026-01-02 04:00:00,2026-01-02 12:00:00,2,88829.0,90210.65869591312,89818.2545033479,-0.974588743470159,-0.015189268227373135,stop,0.0077770699654004915
BTCUSD_4h,long,2026-01-07 12:00:00,2026-01-07 16:00:00,2026-01-08 04:00:00,3,91265.0,89148.90600917918,89630.86352119775,-0.9432133990751652,-0.02182593893836871,stop,0.011593129846166783
BTCUSD_4h,long,2026-01-08 08:00:00,2026-01-08 12:00:00,2026-01-11 16:00:00,19,90097.0,87963.73436266542,90589.96747783246,0.061686430688118375,0.0014576609777745676,stop,0.011838716257669989
BTCUSD_4h,long,2026-01-18 20:00:00,2026-01-19 00:00:00,2026-01-19 00:00:00,0,93627.0,92140.94681235282,92140.94681235282,-1.2500152058574348,-0.019800712600367597,stop,0.007936029070926009
BTCUSD_4h,long,2026-01-19 04:00:00,2026-01-19 08:00:00,2026-01-20 04:00:00,5,92788.0,91216.34189432462,91887.38890008426,-0.8080395304360246,-0.013659385089328013,stop,0.008469080622900449
BTCUSD_4h,long,2026-01-20 08:00:00,2026-01-20 12:00:00,2026-01-20 16:00:00,1,91130.0,89490.9539872789,89549.45727390185,-1.1847755496638355,-0.021266603637298605,stop,0.008992900322183106
BTCUSD_4h,short,2026-02-14 08:00:00,2026-02-14 12:00:00,2026-02-20 04:00:00,34,70468.0,72966.8300274196,67565.02987106646,1.0512536028327062,0.03735267647731459,stop,0.017730246547508
BTCUSD_4h,short,2026-02-21 12:00:00,2026-02-21 16:00:00,2026-02-23 08:00:00,10,68596.0,70358.99668319355,66071.10098907557,1.2793925425092088,0.032947766326084614,stop,0.012850579357349878
BTCUSD_4h,short,2026-02-25 12:00:00,2026-02-25 16:00:00,2026-02-25 20:00:00,1,67419.0,69732.34901351568,69732.34901351568,-1.1185738496112914,-0.03845855599037872,stop,0.017156506426346276
BTCUSD_4h,short,2026-02-26 00:00:00,2026-02-26 04:00:00,2026-02-28 16:00:00,15,68194.0,70768.52834646282,65449.631233218926,0.9621496332397852,0.036396832500009385,stop,0.01887650193904749
BTCUSD_4h,short,2026-03-02 12:00:00,2026-03-02 16:00:00,2026-03-04 04:00:00,9,69135.0,72166.777524523,69006.53204231292,-0.048755261625210815,-0.002142349447539802,stop,0.02192650267247411
BTCUSD_4h,long,2026-03-18 12:00:00,2026-03-18 16:00:00,2026-03-19 04:00:00,3,71484.0,69177.83247205375,69795.51455579522,-0.8546839938691129,-0.027518189424357044,stop,0.016130655307105404
BTCUSD_4h,long,2026-03-19 08:00:00,2026-03-19 12:00:00,2026-03-21 20:00:00,14,69947.0,67734.30591800711,69601.52599698633,-0.28226724159045113,-0.008911381563115743,stop,0.015816933406671424
BTCUSD_4h,long,2026-03-22 00:00:00,2026-03-22 04:00:00,2026-03-22 20:00:00,4,69336.0,67378.06068107495,67677.14465618964,-0.987202011032666,-0.02782138551330969,stop,0.014119211657184242
BTCUSD_4h,short,2026-04-06 04:00:00,2026-04-06 08:00:00,2026-04-07 20:00:00,9,69105.0,70496.38528941621,69400.57469941577,-0.41152213780759883,-0.008302341588097752,stop,0.010067182471718486
BTCUSD_4h,long,2026-04-12 12:00:00,2026-04-12 16:00:00,2026-04-14 16:00:00,12,70917.0,69229.79108197121,74187.96444687081,1.7666777872769692,0.041947698128244934,stop,0.01189565913694026
BTCUSD_4h,long,2026-04-19 20:00:00,2026-04-20 00:00:00,2026-04-21 16:00:00,10,73834.0,72009.23337787804,75088.7451232078,0.524395624821679,0.012934280326869453,stop,0.012357224463810414
BTCUSD_4h,long,2026-04-27 12:00:00,2026-04-27 16:00:00,2026-04-28 12:00:00,5,76791.0,75154.11424350817,75908.10287142952,-0.7259488511037444,-0.015443521862440255,stop,0.010658057301583704
BTCUSD_4h,long,2026-04-28 16:00:00,2026-04-28 20:00:00,2026-04-29 12:00:00,4,76315.0,74786.2653092313,76389.93248898779,-0.15076348916651786,-0.0030140515142183335,stop,0.010015951587294127
BTCUSD_4h,long,2026-04-29 16:00:00,2026-04-29 20:00:00,2026-05-04 08:00:00,27,75541.0,73814.1356665252,79143.90218293914,1.907232846685761,0.043512244498351386,stop,0.01142998062955753
BTCUSD_4h,long,2026-05-08 00:00:00,2026-05-08 04:00:00,2026-05-10 20:00:00,16,79568.0,77723.70304693107,80403.25362412617,0.2794078882039202,0.0064634344431727005,stop,0.011589438926886037
BTCUSD_4h,long,2026-05-13 12:00:00,2026-05-13 16:00:00,2026-05-15 12:00:00,11,78787.0,77183.19302194071,80355.08031808515,0.7792684372537906,0.015831311692795873,stop,0.01017811934747672
BTCUSD_4h,long,2026-05-15 16:00:00,2026-05-15 20:00:00,2026-05-17 00:00:00,7,79099.0,77299.3039477367,77732.96895646048,-0.9333214791131277,-0.021192964473112478,stop,0.01137622506139969
BTCUSD_4h,short,2026-06-11 16:00:00,2026-06-11 20:00:00,2026-06-13 20:00:00,12,63544.98,65691.58479927402,64285.912007190156,-0.46426514630992355,-0.015714710637265688,stop,0.016890435713993544
BTCUSD_4h,short,2026-06-14 00:00:00,2026-06-14 04:00:00,2026-06-14 20:00:00,4,64519.01,65954.82770007722,64957.39733163019,-0.48567457153923194,-0.010829949522420166,stop,0.011127090295381328
BTCUSD_4h,short,2026-06-15 00:00:00,2026-06-15 04:00:00,2026-06-15 12:00:00,2,65892.29,67384.41086247705,66938.28564162563,-0.8790553271478472,-0.01994596581233047,stop,0.011322423780362289
BTCUSD_4h,short,2026-06-15 16:00:00,2026-06-15 20:00:00,2026-06-17 16:00:00,11,66581.56,68136.17746650372,66070.79097878587,0.15789370989674786,0.0036940593119175386,stop,0.011674534709788475
BTCUSD_4h,short,2026-07-02 00:00:00,2026-07-02 04:00:00,2026-07-02 12:00:00,2,60989.75,62958.5045687035,61990.11924236754,-0.6330545212006945,-0.020476008413225437,stop,0.016140044587028977
BTCUSD_4h,short,2026-07-02 16:00:00,2026-07-02 20:00:00,2026-07-03 20:00:00,6,61424.55,63411.75584747868,62811.177556386305,-0.8228131039236071,-0.026672979501276298,stop,0.016175990279771468
BTCUSD_4h,short,2026-07-04 00:00:00,2026-07-04 04:00:00,2026-07-05 20:00:00,10,62580.71,64174.364066475944,63533.760522599056,-0.7562993054756789,-0.019298196734280428,stop,0.012732789916221341
BTCUSD_4h,long,2026-07-13 00:00:00,2026-07-13 04:00:00,2026-07-13 16:00:00,3,62754.11,61485.69250289593,61999.023076476595,-0.7920051497002811,-0.015976451799715855,stop,0.010106250388253989
BTCUSD_4h,long,2026-07-23 12:00:00,2026-07-23 16:00:00,2026-07-24 12:00:00,5,64914.38,63720.806690673075,64617.403372353016,-0.46586178665912753,-0.008548650294807395,stop,0.009193443034709144
BTCUSD_4h,long,2026-07-24 16:00:00,2026-07-24 20:00:00,2026-07-27 12:00:00,16,64170.07,62923.0663516981,64783.45932034876,0.28506914329572375,0.0055286322155408815,stop,0.009716396197650235
BTCUSD_4h,long,2026-07-27 20:00:00,2026-07-28 00:00:00,2026-07-29 20:00:00,11,63697.72,62535.10796895271,63425.11058233513,-0.45316499809050165,-0.008254667072632555,stop,0.00912600977748728
BTCUSD_4h,long,2026-08-10 12:00:00,2026-08-10 16:00:00,2026-08-11 12:00:00,5,64240.55,63405.740739983514,63553.199478938644,-1.1295251085267153,-0.014648939154518854,stop,0.006497525784076336
BTCUSD_4h,short,2026-08-17 08:00:00,2026-08-17 12:00:00,2026-08-17 16:00:00,1,63564.39,64214.982642199335,64142.41,-1.2810375432199368,-0.01313791900803633,gap_stop,0.005117587396019491
BTCUSD_4h,short,2026-08-18 00:00:00,2026-08-18 04:00:00,2026-08-18 12:00:00,2,64114.08,64884.70938395084,64779.211866773934,-1.1976164804096807,-0.014423789384179602,stop,0.0060098295409591225
BTCUSD_4h,long,2026-08-28 16:00:00,2026-08-28 20:00:00,2026-08-30 20:00:00,12,77532.08,75289.61946059244,77919.72750442773,0.034223072410967274,0.0009878582904376612,stop,0.014461501222510508
BTCUSD_4h,long,2026-09-01 16:00:00,2026-09-01 20:00:00,2026-09-04 12:00:00,16,77270.72,75520.60301925754,80273.30664329646,1.5356108303513094,0.034710875236663,stop,0.01132458051861343
BTCUSD_4h,long,2026-09-07 12:00:00,2026-09-07 16:00:00,2026-09-08 12:00:00,5,78807.8,77421.44319696254,78088.48602905491,-0.7451952778243689,-0.013083025463152289,stop,0.00879580957111774
BTCUSD_4h,long,2026-09-10 08:00:00,2026-09-10 12:00:00,2026-09-11 12:00:00,6,77825.44,76387.40406525074,76452.58559060053,-1.1692409208632542,-0.021561771470574722,stop,0.009238855152950377
BTCUSD_4h,long,2026-09-13 08:00:00,2026-09-13 12:00:00,2026-09-15 00:00:00,9,76748.82,75527.69035149638,78033.76131061527,0.7987490510849968,0.012683312778166478,stop,0.007955364320282932
BTCUSD_4h,long,2026-09-15 12:00:00,2026-09-15 16:00:00,2026-09-15 20:00:00,1,76460.48,74846.57522210752,75441.9127062427,-0.8193618962431061,-0.01726032342383806,stop,0.010553849373509547
BTCUSD_4h,long,2026-09-16 00:00:00,2026-09-16 04:00:00,2026-09-18 00:00:00,11,75764.18,73946.52672119906,76525.14,0.25108273691288274,0.006011685458242808,temps,0.011995465923348856
