symbol,side,date_signal,date_entree,date_sortie,bars,entree,stop_initial,sortie,R,ret_pct,motif,termine,atr_pct_entree
ADA,long,2019-03-22,2019-03-23,2019-03-25,2,0.05778,0.05142724769727322,0.05759530143318228,-0.0653967209623072,-0.00717583817626218,stop,True,0.054973626711031294
ADA,long,2019-03-26,2019-03-27,2019-04-04,8,0.06175,0.054230326985678375,0.0881165565292979,3.466483631215562,0.42129220775031795,stop,True,0.06088804060179452
ADA,long,2019-04-05,2019-04-06,2019-04-08,2,0.09047,0.07808009210944562,0.08172829370661383,-0.7333470887000149,-0.10023175579645827,stop,True,0.06847522875292567
ADA,long,2019-04-10,2019-04-11,2019-04-11,0,0.08948,0.07643420964775167,0.07643420964775167,-1.025435670077154,-0.14920559831994298,stop,True,0.07289780035900942
ADA,long,2019-05-14,2019-05-15,2019-05-17,2,0.08443,0.0711375859613069,0.08521898993602482,0.03383072140573868,0.005315579384317427,stop,True,0.07871854813865398
ADA,long,2020-01-21,2020-01-22,2020-01-24,2,0.04604,0.04084248527922017,0.04153087918784731,-0.9012504672282241,-0.10154024207294339,stop,True,0.05644564205885997
ADA,long,2020-01-27,2020-01-28,2020-02-15,18,0.048,0.04240666473845234,0.06411599784022556,2.841196728148189,0.33041761985497997,stop,True,0.05826390897445485
ADA,long,2020-04-24,2020-04-25,2020-05-01,6,0.04165,0.03619289612356458,0.04751,1.041152986758109,0.13614260075287588,gap_stop,True,0.06551145109766411
ADA,long,2020-05-02,2020-05-03,2020-05-10,7,0.05095,0.04435964706648661,0.04749175530694279,-0.5546179757815354,-0.07159632067897768,stop,True,0.06467470984802151
ADA,long,2020-05-18,2020-05-19,2020-05-21,2,0.05433,0.04800635783152507,0.05101716568126396,-0.5571992462926383,-0.06472474983951804,stop,True,0.058196596433599625
ADA,long,2020-05-28,2020-05-29,2020-06-01,3,0.06495,0.056537354380769914,0.07391,1.0320510803585468,0.13340954734103772,gap_stop,True,0.06476247589861495
ADA,long,2020-06-02,2020-06-03,2020-06-11,8,0.07872,0.06617195370622955,0.07908444037548226,0.0038915615696726706,0.0006190806234496284,stop,True,0.07970049729274925
ADA,long,2020-07-01,2020-07-02,2020-07-09,7,0.09685,0.08561996129987397,0.12224543419801778,2.222364855193387,0.2571753068939224,stop,True,0.05797645173012926
ADA,long,2020-07-10,2020-07-11,2020-07-20,9,0.11843,0.10052208356869899,0.11825242576974518,-0.03634923606503675,-0.0054854327635728345,stop,True,0.07560549029511526
ADA,long,2020-07-25,2020-07-26,2020-07-27,1,0.14368,0.1257418561272883,0.13607886640391056,-0.45493287303328966,-0.056684038165992864,stop,True,0.06242394165058359
ADA,long,2020-07-28,2020-07-29,2020-08-02,4,0.14904,0.12797381848092287,0.1302183587472313,-0.919965393477354,-0.1297737186005281,stop,True,0.07067291169846054
ADA,long,2020-11-20,2020-11-21,2020-11-25,4,0.11826,0.10399750328443232,0.1589967256171041,2.8173336665529614,0.3391003564144321,stop,True,0.06030144053597027
ADA,long,2020-11-28,2020-11-29,2020-12-08,9,0.16487,0.13101964755180417,0.1430210556839015,-0.6636482282376832,-0.13598524082099814,stop,True,0.10265770743069025
ADA,long,2020-12-29,2020-12-30,2021-01-07,8,0.19069,0.15624067064820849,0.2915591371840994,2.900045974466431,0.5228655328167476,stop,True,0.09032809626040045
ADA,long,2021-01-08,2021-01-09,2021-01-11,2,0.30392,0.23675068461282045,0.270041349997619,-0.5214668707053954,-0.11501927936170399,stop,True,0.11050492792047176
ADA,long,2021-01-13,2021-01-14,2021-01-21,7,0.31246,0.23183668386302575,0.3143029852198339,0.0073112751699866245,0.0018827455803180871,stop,True,0.12901381958806613
ADA,long,2021-02-01,2021-02-02,2021-02-13,11,0.40882,0.3181400028212082,0.8202478244975828,4.510031997930379,0.998369409726576,stop,True,0.11090455112126586
ADA,long,2021-02-14,2021-02-15,2021-02-22,7,0.84288,0.6714783128357105,0.9962535472265762,0.8733594319211064,0.17724526285806694,stop,True,0.10167620964092727
ADA,long,2021-02-26,2021-02-27,2021-02-28,1,1.24353,0.9434801113940567,1.1721108177230526,-0.2541259530762019,-0.06119536109111824,stop,True,0.12064441091326436
ADA,long,2021-03-01,2021-03-02,2021-03-12,10,1.29678,0.980475960179571,1.0543254317185708,-0.7813898908315595,-0.19021225823993704,stop,True,0.12195747922563162
ADA,long,2021-03-17,2021-03-18,2021-03-19,1,1.3775,1.103262513510538,1.1824194768312142,-0.7300255143278571,-0.14504592421143062,stop,True,0.09954173738274476
ADA,long,2021-04-13,2021-04-14,2021-04-16,2,1.41246,1.2198706152759005,1.3523082346001385,-0.341043209433145,-0.046408536500948255,stop,True,0.06817516415477237
ADA,long,2021-05-06,2021-05-07,2021-05-10,3,1.6491,1.3787102904977429,1.5396267522680542,-0.4284582480958458,-0.07011064357034628,stop,True,0.08198099251175099
ADA,long,2021-05-11,2021-05-12,2021-05-17,5,1.7633,1.4433332710882714,2.0165385615409086,0.767826346362417,0.13905093143708985,stop,True,0.09072952104342104
ADA,long,2021-08-07,2021-08-08,2021-08-12,4,1.4726,1.3073454460245668,1.6846462641583624,1.244938591287657,0.13942763097331465,stop,True,0.056109790158710156
ADA,long,2021-08-13,2021-08-14,2021-08-17,3,2.1386,1.8851460134834856,1.9908641553775226,-0.6154757124842793,-0.0727968793233847,stop,True,0.05925698740215891
ADA,long,2021-08-18,2021-08-19,2021-08-24,5,2.1045,1.7944741186416446,2.5920323600895685,1.5422560635081755,0.226745034696295,stop,True,0.07365784779243414
ADA,long,2021-08-25,2021-08-26,2021-09-07,12,2.7389,2.3354896370160056,2.7049392284098204,-0.11117327208765485,-0.016341937340769636,stop,True,0.07364459508999863
ADA,long,2021-11-09,2021-11-10,2021-11-10,0,2.269,2.012836841203301,2.012836841203301,-1.0334305437309323,-0.11643827043097854,stop,True,0.056448470426773735
ADA,long,2023-01-29,2023-01-30,2023-02-09,10,0.3976,0.3550226688628009,0.37146732154872975,-0.6498954339153536,-0.06945568896002687,stop,True,0.053542921450200044
ADA,long,2023-02-15,2023-02-16,2023-02-24,8,0.419,0.3727544553831066,0.3776374901701561,-0.9288632054403917,-0.10231514253160565,stop,True,0.05518561410130475
ADA,long,2023-03-31,2023-04-01,2023-04-19,18,0.3989,0.35173690746645386,0.42132140915346106,0.44061924735688346,0.05199169556388386,stop,True,0.05911643586556295
ADA,long,2023-07-13,2023-07-14,2023-07-14,0,0.3567,0.3184574033740267,0.3184574033740267,-1.0353091820608993,-0.11077623679672143,stop,True,0.05360610684885522
ADA,long,2023-11-01,2023-11-02,2023-11-07,5,0.3072,0.2830410970504184,0.34372840938139804,1.458118882142592,0.11444088568512467,stop,True,0.03932113110283456
ADA,long,2023-11-08,2023-11-09,2023-11-13,4,0.3577,0.3242163325788585,0.3556646438322712,-0.10339624425989208,-0.00965942159682128,stop,True,0.046804119962456654
ADA,long,2023-11-15,2023-11-16,2023-11-17,1,0.3787,0.3346595635280481,0.36131959470461605,-0.4282528965580273,-0.0497037203248459,stop,True,0.058146866215938585
ADA,long,2023-12-05,2023-12-06,2023-12-10,4,0.4258,0.38536345140865974,0.5786881543024451,3.7312575689546335,0.3536355611788171,stop,True,0.0474830302857448
ADA,long,2023-12-11,2023-12-12,2023-12-17,5,0.5507,0.47263621467914907,0.5843847973508989,0.4024225526225694,0.05693104032754733,stop,True,0.07087687063814319
ADA,long,2023-12-21,2023-12-22,2023-12-31,9,0.6352,0.5369585229744973,0.5822777801769998,-0.5634806912459581,-0.08697525506819195,stop,True,0.07733113745710225
ADA,long,2024-02-14,2024-02-15,2024-02-21,6,0.5769,0.5174811115998362,0.5775458316555089,-0.027988743185534903,-0.0028769986596440364,stop,True,0.05149842988400398
ADA,long,2024-02-29,2024-03-01,2024-03-05,4,0.6549,0.5789564467957504,0.7101796328856057,0.6919543714066553,0.08008029386308223,stop,True,0.05798103008417282
ADA,long,2024-11-07,2024-11-08,2024-11-11,3,0.4066,0.36553863598617325,0.5862329385064222,4.3263850798913905,0.4360371058900629,stop,True,0.05049356125655037
ADA,long,2024-11-12,2024-11-13,2024-11-17,4,0.5709,0.4842962582019661,0.7030812403817772,1.4968553922684755,0.22661504439188496,stop,True,0.07584843387461368
ADA,long,2024-11-18,2024-11-19,2024-11-24,5,0.7324,0.6082287225740834,0.9934007494844022,2.0741443055467714,0.3509490412749504,stop,True,0.08477012385712492
ADA,long,2024-11-25,2024-11-26,2024-12-09,13,0.9435,0.7622414625656325,1.1263708822849852,0.9860563979510903,0.18905605907465967,stop,True,0.09605645862976549
ADA,long,2025-01-03,2025-01-04,2025-01-08,4,1.0894,0.9121580198566718,0.9745550917619326,-0.6712451436470238,-0.10899150700031116,stop,True,0.08134843957376914
ADA,long,2025-03-02,2025-03-03,2025-03-03,0,1.1349,0.9434516176219828,0.9434516176219828,-1.0217118744155103,-0.17201044700031717,stop,True,0.08434592579875637
ADA,long,2025-05-10,2025-05-11,2025-05-15,4,0.8406,0.7437168378012677,0.7600864570837461,-0.8640811667428923,-0.09939069734718221,stop,True,0.0576273865088819
ADA,long,2025-07-16,2025-07-17,2025-07-23,6,0.7645,0.6790035687135603,0.830988691725107,0.7403550462777775,0.08263096350354475,stop,True,0.05591656722461721
ADA,long,2025-08-13,2025-08-14,2025-08-18,4,0.9042,0.7946940171723592,0.89849126990882,-0.08505574207445656,-0.010280382202855607,stop,True,0.06055407145965536
ADA,long,2026-08-21,2026-08-22,2026-08-23,1,0.2291,0.20586764069945332,0.226,-0.1726126885402305,-0.01746920824435804,gap_stop,True,0.050703534047461106
BCH,long,2020-07-28,2020-07-29,2020-08-02,4,288.92,263.38271467223996,292.7724847395316,0.10530092511945065,0.009288842258900818,stop,True,0.04419438828699993
BCH,long,2020-08-06,2020-08-07,2020-08-11,4,309.0,266.28409722584877,281.8993664741945,-0.6621054553918616,-0.09134621455714424,stop,True,0.06911958377694372
BCH,long,2020-10-13,2020-10-14,2020-10-17,3,253.37,229.8825236602975,242.1389617275014,-0.5203648114077645,-0.04814169346886062,stop,True,0.04635015262205965
BCH,long,2020-10-22,2020-10-23,2020-10-26,3,268.0,242.28980013927315,254.00545586952737,-0.5849256374386872,-0.05600200733686246,stop,True,0.04796679078493816
BCH,long,2020-11-21,2020-11-22,2020-11-25,3,305.07,269.1682754880255,324.7756090550991,0.5137891866680806,0.06034385432101962,stop,True,0.05884178141405992
BCH,long,2020-12-20,2020-12-21,2020-12-22,1,348.98,299.52036910174166,313.47,-0.7447467627846186,-0.10533949580351018,gap_stop,True,0.0708631309792228
BCH,long,2020-12-28,2020-12-29,2021-01-08,10,360.77,295.4110572994721,403.2063637281292,0.6259038061266335,0.11316561101450112,stop,True,0.09058256326818738
BCH,long,2021-01-09,2021-01-10,2021-01-11,1,574.97,473.89711974517263,524.3094683348031,-0.522979957319876,-0.09175014945996586,stop,True,0.08789404686751254
BCH,long,2021-02-09,2021-02-10,2021-02-15,5,514.85,426.1450723835427,634.6712251043142,1.3248664511880137,0.22780927928372727,stop,True,0.0861463801266945
BCH,long,2021-02-16,2021-02-17,2021-02-22,5,705.51,573.1171277685158,617.3060130129115,-0.6862123125047626,-0.12851452488018295,stop,True,0.09382777865053946
BCH,long,2021-04-05,2021-04-06,2021-04-17,11,647.24,553.9163491542873,1018.703853576196,3.9446802877188953,0.5676366904486614,stop,True,0.07209354400663791
BCH,long,2021-04-18,2021-04-19,2021-04-20,1,972.51,777.1602615019241,835.0752428232151,-0.7220379650716582,-0.14474749964593675,stop,True,0.10043585078717748
BCH,long,2021-04-30,2021-05-01,2021-05-07,6,995.9,790.4900864928705,1322.4203600400563,1.5670310834769139,0.3225637482139609,stop,True,0.10312778065424713
BCH,long,2021-05-08,2021-05-09,2021-05-12,3,1396.73,1098.2221471773955,1241.5587391478562,-0.5374995559188512,-0.11464462219907318,stop,True,0.1068595407926387
BCH,long,2021-08-13,2021-08-14,2021-08-18,4,654.5,575.6354626103233,634.4147563246648,-0.28736709727978454,-0.03455742935516961,stop,True,0.060247927723206036
BCH,long,2021-08-20,2021-08-21,2021-08-26,5,694.08,611.5649384472291,621.1297047261525,-0.9159626528905114,-0.10867602433920182,stop,True,0.059442039500324825
BCH,long,2021-09-03,2021-09-04,2021-09-07,3,713.6,634.6912061218264,717.2514503825265,0.010008358295029909,0.0011044999151940287,stop,True,0.055289233378765124
BCH,long,2021-11-09,2021-11-10,2021-11-12,2,717.4,642.9415632082046,650.5700213376865,-0.9342919580693412,-0.09677594727604841,stop,True,0.05189464510161377
BCH,long,2023-01-12,2023-01-13,2023-01-16,3,119.6,110.07465360361809,120.1194717296503,0.004202764343164643,0.00033405418419854023,stop,True,0.03982168225912168
BCH,long,2023-01-17,2023-01-18,2023-01-24,6,122.8,111.5315522558461,125.60043450386428,0.2044322063836772,0.018721787978249957,stop,True,0.04588130188987746
BCH,long,2023-01-25,2023-01-26,2023-02-06,11,131.9,117.82384403649523,130.87496849377192,-0.11015659724400781,-0.011732270434231114,stop,True,0.05335919622253516
BCH,long,2023-02-20,2023-02-21,2023-02-22,1,145.0,130.70301016990413,139.45279515776812,-0.4277900806554879,-0.04209588018822632,stop,True,0.04929996493136511
BCH,long,2023-06-21,2023-06-22,2023-06-23,1,135.8,122.76442271152567,133.4,-0.2254138758087871,-0.021594513476728437,gap_stop,True,0.047995498116621266
BCH,long,2023-06-24,2023-06-25,2023-06-26,1,212.6,185.2308442774132,189.5857839718837,-0.8702711854718783,-0.11181112655244564,stop,True,0.06436772277184095
BCH,long,2023-06-27,2023-06-28,2023-07-01,3,230.0,194.21784434310382,282.18105102835244,1.4296704037850911,0.22197643376853138,stop,True,0.07778729490629607
BCH,long,2023-07-02,2023-07-03,2023-07-05,2,299.3,248.778559305059,252.77590062528049,-0.942733432000868,-0.15881451655983078,stop,True,0.08439933293508356
BCH,long,2023-07-06,2023-07-07,2023-07-15,8,275.0,223.00064900853263,247.88076686800173,-0.5416412729911941,-0.10221373495095008,stop,True,0.09454427452994067
BCH,long,2023-09-27,2023-09-28,2023-10-03,5,229.3,206.58574987807805,232.58163884371322,0.10380600518923429,0.010262403958005475,stop,True,0.049529546711561186
BCH,long,2023-10-23,2023-10-24,2023-10-26,2,262.0,235.30097161776558,241.9850214459305,-0.7874050057548186,-0.08008010161722874,stop,True,0.05095234424090539
BCH,long,2023-12-04,2023-12-05,2023-12-07,2,252.3,231.7640749709972,242.4287177045843,-0.5288653769180743,-0.042961005182757306,stop,True,0.04069743366825767
BCH,long,2023-12-08,2023-12-09,2023-12-11,2,253.6,231.21098618405483,240.42579931176155,-0.6325536445368494,-0.055733376649154315,stop,True,0.04414237739736824
BCH,long,2023-12-27,2023-12-28,2023-12-29,1,264.2,237.76437457127608,251.1954906733278,-0.5309237092143316,-0.05301773556603223,stop,True,0.05002957121257365
BCH,long,2023-12-30,2023-12-31,2024-01-03,3,270.5,239.11958124383875,240.41994505208544,-0.9911242765653712,-0.11474977895602038,stop,True,0.05800447089863445
BCH,long,2024-02-11,2024-02-12,2024-02-14,2,277.7,254.901195750382,265.30111033964045,-0.5914736463104102,-0.04846228278422929,stop,True,0.0410493414649226
BCH,long,2024-02-27,2024-02-28,2024-03-04,5,292.8,264.77544004858913,463.66902901685467,6.043131141129473,0.5772474550858017,stop,True,0.047856147458010354
BCH,long,2024-03-05,2024-03-06,2024-03-15,9,400.9,318.04931583596135,390.4738403819797,-0.14494638662255896,-0.02989507963067197,stop,True,0.10333086076831959
BCH,long,2024-03-24,2024-03-25,2024-04-02,8,485.1,394.40379106035607,594.8900700933898,1.1867099100561975,0.22142910623445536,stop,True,0.09348197169619044
BCH,long,2024-04-04,2024-04-05,2024-04-10,5,665.5,545.4603075784174,607.1551657823253,-0.5072500880408088,-0.09131270824127759,stop,True,0.09018759761200797
BCH,long,2024-05-20,2024-05-21,2024-05-28,7,517.9,455.8741060272324,475.9417870390647,-0.7085088778294403,-0.08468464988349887,stop,True,0.05988211428149022
BCH,long,2024-07-29,2024-07-30,2024-08-01,2,439.0,387.6308758963598,396.3286704751912,-0.8632030940667124,-0.10080519340762477,stop,True,0.05850697506109364
BCH,long,2024-11-09,2024-11-10,2024-11-12,2,404.9,361.55119424588594,428.7023052426262,0.5106276919760406,0.05455894985070847,stop,True,0.05353026148939743
BCH,long,2024-11-13,2024-11-14,2024-11-24,10,439.6,378.87290605103993,485.69242827859983,0.7285354945393394,0.10044025557175584,stop,True,0.06907085299017299
BCH,long,2024-12-03,2024-12-04,2024-12-09,5,585.6,498.958197538081,550.2320097996867,-0.4344283377121124,-0.06414707166935374,stop,True,0.07397694882335981
BCH,long,2025-05-08,2025-05-09,2025-05-15,6,421.8,373.7657737363243,385.4428131245343,-0.7905128375187253,-0.08984324499818463,stop,True,0.0569395759408199
BCH,long,2025-05-22,2025-05-23,2025-05-25,2,444.5,397.4680951805653,414.4786126812017,-0.6748470993470211,-0.07126207549840859,stop,True,0.052904279886878174
BCH,long,2025-06-15,2025-06-16,2025-06-22,6,460.4,410.9159377384505,451.8757997729731,-0.2091330289715139,-0.022432874968076062,stop,True,0.05374029350733002
BCH,long,2025-06-27,2025-06-28,2025-07-04,6,504.8,449.46718451527215,477.3354688553154,-0.531850798203423,-0.058181580741834944,stop,True,0.05480667143891427
BCH,long,2025-07-11,2025-07-12,2025-07-15,3,531.5,486.07689536980786,489.758649579069,-0.9639118258549539,-0.08221349909792668,stop,True,0.04273104857026544
BCH,long,2025-07-20,2025-07-21,2025-07-23,2,548.0,497.6328530148211,497.6328530148211,-1.0415204320912808,-0.09553595854132718,stop,True,0.04595542608136764
BCH,long,2025-07-27,2025-07-28,2025-08-01,4,590.0,530.9652565420745,547.3741242633193,-0.7605796409907039,-0.07595085081566916,stop,True,0.050029443608411425
BCH,long,2025-08-12,2025-08-13,2025-08-18,5,618.9,555.7606730170002,574.3009342582351,-0.7441553443059687,-0.07576617263176245,stop,True,0.05100931247616726
BCH,long,2025-12-19,2025-12-20,2026-01-13,24,624.8,548.4760318296849,611.3772606047737,-0.20825822212186754,-0.025389512135197956,stop,True,0.0610787197265646
BNB,long,2018-06-05,2018-06-06,2018-06-10,4,15.6156,13.358446175805712,15.105221330362008,-0.2533368821253615,-0.03654543881694827,stop,True,0.07227240145093013
BNB,long,2018-07-28,2018-07-29,2018-08-08,10,14.6415,12.84742294525189,13.03912622583694,-0.9240043632615779,-0.11299567491487905,stop,True,0.06126684611372159
BNB,long,2019-02-09,2019-02-10,2019-02-14,4,8.9001,7.759154907274374,8.692190655108897,-0.21306365025909207,-0.027259099199307038,stop,True,0.06409731872257758
BNB,long,2019-02-15,2019-02-16,2019-02-24,8,9.2854,8.048367452619406,9.985739926664804,0.5349880633398247,0.07113066679137403,stop,True,0.0666116994087812
BNB,long,2019-03-01,2019-03-02,2019-03-08,6,11.3353,9.814556748514784,13.638936972190836,1.4819651483216616,0.19842351927257623,stop,True,0.06707997368773723
BNB,long,2019-03-09,2019-03-10,2019-03-21,11,14.4651,12.451242593368628,14.352503762284455,-0.08453003905815897,-0.011744935183046092,stop,True,0.06961090509679752
BNB,long,2019-03-24,2019-03-25,2019-04-08,14,17.1112,15.128177050047018,17.993083409736098,0.4093118755563916,0.047340615120489746,stop,True,0.05794517479641934
BNB,long,2019-04-18,2019-04-19,2019-04-21,2,21.8888,19.4782585246588,22.689650462588453,0.2952421972173455,0.03244915279193076,stop,True,0.05506335375491574
BNB,long,2019-04-22,2019-04-23,2019-04-24,1,23.7812,20.80583279682372,21.54410188276488,-0.782339980932679,-0.09768651354720165,stop,True,0.06255712922763108
BNB,long,2019-05-15,2019-05-16,2019-05-17,1,26.8348,22.906460093450956,23.743684372490172,-0.812626369457715,-0.11872273296858851,stop,True,0.07319487953234319
BNB,long,2019-05-18,2019-05-19,2019-05-30,11,28.8165,24.289037035463465,30.63163915103428,0.3746563773174563,0.05874610582185134,stop,True,0.07855678108959337
BNB,long,2019-06-12,2019-06-13,2019-06-14,1,34.8888,30.365202125158167,31.847144830504007,-0.7019030309514462,-0.09082540758629166,stop,True,0.06482879713320373
BNB,long,2019-06-20,2019-06-21,2019-06-26,5,36.81,32.28455772421191,35.25643672855025,-0.3751448016450945,-0.04602845775189229,stop,True,0.06147028356137045
BNB,long,2020-02-06,2020-02-07,2020-02-15,8,20.6665,18.764749729940533,24.406067750156744,1.9189809893085046,0.17623392146616354,stop,True,0.04601045823094058
BNB,long,2020-04-29,2020-04-30,2020-05-07,7,17.3754,15.439103813473162,16.259878850566295,-0.6108526760342522,-0.06793690190982354,stop,True,0.055719470818710294
BNB,long,2020-07-08,2020-07-09,2020-07-15,6,17.2819,16.004317499308154,17.50395223524912,0.11935082916058203,0.008805523606882235,stop,True,0.03696302202569871
BNB,long,2020-07-23,2020-07-24,2020-07-27,3,18.7508,17.18853881336085,18.782867993058957,-0.02752378622403321,-0.002288623199829859,stop,True,0.04165852088015319
BNB,long,2020-07-28,2020-07-29,2020-08-02,4,20.1692,18.279143320545735,19.884798359488407,-0.19285645832368228,-0.018036514739523626,stop,True,0.046855023487651117
BNB,long,2020-08-03,2020-08-04,2020-08-11,7,22.0622,19.79642307527317,21.335486576205366,-0.3590418756891203,-0.036799821726448904,stop,True,0.05134975035868659
BNB,long,2020-09-01,2020-09-02,2020-09-03,1,24.7101,22.15551076676632,23.067695711997295,-0.6803285071497521,-0.07019360090130908,stop,True,0.05169119577083223
BNB,long,2020-09-12,2020-09-13,2020-09-15,2,28.5044,23.99534678459001,28.23319289079445,-0.08531331891858421,-0.013468603656103275,stop,True,0.07909398576026845
BNB,long,2020-10-12,2020-10-13,2020-10-20,7,30.6503,26.932555031414065,28.74726630649922,-0.5438320388293855,-0.06583274028751791,stop,True,0.060647774550101265
BNB,long,2020-11-23,2020-11-24,2020-11-25,1,30.9994,28.233108192884814,31.950357607678754,0.298254179237801,0.026562167974978436,stop,True,0.04461847337553611
BNB,long,2020-12-19,2020-12-20,2020-12-21,1,33.3018,29.898507486604036,32.08692838041803,-0.39539624379805594,-0.04032704388479673,stop,True,0.05109772614987726
BNB,long,2020-12-28,2020-12-29,2021-01-11,13,35.9507,31.355037397387473,39.50753790089924,0.7411165091104065,0.0945495686798855,stop,True,0.06391617691188939
BNB,long,2021-01-17,2021-01-18,2021-01-21,3,45.8645,38.98306060049847,40.210378731521544,-0.8466645839188147,-0.12677870122767257,stop,True,0.07501923491482007
BNB,long,2021-02-01,2021-02-02,2021-02-07,5,51.4762,44.44098381361775,65.51559261935053,1.96232904126448,0.26765482548161906,stop,True,0.06833464966705241
BNB,long,2021-02-08,2021-02-09,2021-02-11,2,79.8734,68.10057730954203,127.30721614955411,3.993898163043337,0.5874997647506596,stop,True,0.07369676694905918
BNB,long,2021-02-12,2021-02-13,2021-02-20,7,136.7321,113.62715576160531,296.588501139141,6.881200763629677,1.1604620649185478,stop,True,0.08448983171616134
BNB,long,2021-02-21,2021-02-22,2021-02-22,0,294.9167,226.58719894140214,226.58719894140214,-1.0152643848077907,-0.23475795292342136,stop,True,0.11584542526516446
BNB,long,2021-02-24,2021-02-25,2021-03-16,19,254.3826,169.60779846000747,251.21392538665197,-0.04930554348923458,-0.016398624021027968,stop,True,0.16662853815471762
BNB,long,2021-03-30,2021-03-31,2021-04-13,13,311.2962,260.8140892919517,550.6509103745972,4.707228220470638,0.7618355223981306,stop,True,0.08108372461348438
BNB,long,2021-04-14,2021-04-15,2021-04-18,3,550.0182,454.6725752719741,465.05286275254736,-0.9124223541574455,-0.15785265960572692,stop,True,0.08667497250820601
BNB,long,2021-04-20,2021-04-21,2021-04-22,1,586.5201,474.1748821576976,498.4370977178621,-0.8033534351614366,-0.15357149931486225,stop,True,0.09577269205463068
BNB,long,2021-04-29,2021-04-30,2021-05-12,12,599.66,484.53493599860826,582.7477590632867,-0.16744447981029462,-0.03208247889845481,stop,True,0.09599194877213066
BNB,long,2021-08-07,2021-08-08,2021-08-18,10,356.18,317.7909101630038,391.51561287994383,0.8815062247600242,0.09481912600814417,stop,True,0.05389001324750999
BNB,long,2021-08-19,2021-08-20,2021-08-30,10,431.21,380.838032615611,461.4282506083634,0.5644602659684583,0.06580603804136984,stop,True,0.05840769855104126
BNB,long,2021-10-13,2021-10-14,2021-10-16,2,470.7,413.04958549058836,426.34020381586447,-0.8005818689167007,-0.09785798403568315,stop,True,0.06123902114872702
BNB,long,2021-10-18,2021-10-19,2021-10-27,8,485.0,426.75219671408684,455.26980937952953,-0.5426939464835474,-0.0650466700397752,stop,True,0.06004928173805483
BNB,long,2021-10-29,2021-10-30,2021-11-10,11,530.3,470.47498221823116,604.7224897977515,1.206058058876897,0.13578809723219207,stop,True,0.056406767661482934
BNB,long,2021-11-11,2021-11-12,2021-11-16,4,628.4,556.5785753868367,591.9186977203104,-0.541926589242239,-0.061814530828746946,stop,True,0.057146264014292854
BNB,long,2022-10-28,2022-10-29,2022-11-02,4,297.9,279.9827635121254,315.303291339701,0.9028671786505302,0.05419468132222176,stop,True,0.030072568794687105
BNB,long,2022-11-03,2022-11-04,2022-11-07,3,329.6,304.48200840864547,333.41152765847494,0.0989531585006758,0.007525920862031849,stop,True,0.03810374938008882
BNB,long,2023-01-10,2023-01-11,2023-01-15,4,277.2,259.1767628063476,293.68536866181,0.8513230869474585,0.055241601661346874,stop,True,0.03250944659749706
BNB,long,2023-01-16,2023-01-17,2023-01-18,1,299.0,277.09911889717296,283.90632469023205,-0.7424125030773122,-0.0542710163590826,stop,True,0.03662354699469408
BNB,long,2023-01-20,2023-01-21,2023-01-25,4,305.1,280.65714116051015,298.0232014963903,-0.3388738183612321,-0.02709443422758719,stop,True,0.040057126908374104
BNB,long,2023-01-29,2023-01-30,2023-02-09,10,317.1,291.4097174042052,312.13303883999623,-0.24232614859218451,-0.01959319216402826,stop,True,0.040508171863441855
BNB,long,2023-03-16,2023-03-17,2023-03-22,5,329.4,301.390786316377,319.0097381741361,-0.41725845767122016,-0.03540908862969921,stop,True,0.04251550346633727
BNB,long,2023-04-15,2023-04-16,2023-04-19,3,333.1,314.4438228783458,329.83354981560683,-0.24615532185820302,-0.013759084305194569,stop,True,0.028003868390354496
BNB,long,2023-11-06,2023-11-07,2023-11-09,2,255.1,240.1802998657844,240.33046263937533,-1.0563481936047658,-0.06165793965148269,stop,True,0.029242846205832177
BNB,long,2023-11-10,2023-11-11,2023-11-14,3,251.1,234.41044992884915,238.51768386722196,-0.8125774177672184,-0.05390076676798713,stop,True,0.03323287549014507
BNB,long,2023-12-12,2023-12-13,2023-12-18,5,254.6,235.70491807156455,237.98097136897093,-0.9316810924896934,-0.06900649045101863,stop,True,0.03710738791915836
BNB,long,2023-12-20,2023-12-21,2023-12-29,8,260.4,241.3816669452001,309.9133026271676,2.5434761228826455,0.18539218039310498,stop,True,0.036517536587557374
BNB,long,2023-12-30,2023-12-31,2024-01-03,3,317.0,288.82779665301695,297.5219267059177,-0.7350194407038338,-0.06519175260675544,stop,True,0.04443565196685026
BNB,long,2024-01-04,2024-01-05,2024-01-08,3,323.6,291.9766665353138,295.9404287092145,-0.9138395286656007,-0.08912537147029781,stop,True,0.048861763696981135
BNB,long,2024-02-09,2024-02-10,2024-02-29,19,324.0,304.9354918848683,396.61182741847585,3.733146605925287,0.2192239094762293,stop,True,0.0294205372147094
BNB,long,2024-03-01,2024-03-02,2024-03-05,3,407.4,375.74540221286946,393.52450752976466,-0.488944499923083,-0.037914699529009874,stop,True,0.03884953091204043
BNB,long,2024-03-06,2024-03-07,2024-03-14,7,429.4,386.84919271699096,571.2286844979404,3.2861286555373797,0.32498446778763057,stop,True,0.04954681798207852
BNB,long,2024-03-15,2024-03-16,2024-03-17,1,632.7,556.7803453068976,563.5603206421192,-0.942209238020468,-0.11283297164035304,stop,True,0.05999656606061512
BNB,long,2024-03-29,2024-03-30,2024-04-03,4,612.5,538.3395015447753,545.6330395972807,-0.9328851332314625,-0.1127267529950938,stop,True,0.06053918241242831
BNB,long,2024-06-04,2024-06-05,2024-06-07,2,685.7,641.5279898408808,675.3037259342287,-0.2969817644790039,-0.019093039701026313,stop,True,0.032209428437450276
BNB,long,2024-06-08,2024-06-09,2024-06-10,1,682.7,633.1363759330851,636.7052062235789,-0.9812358378638523,-0.07109496283377038,stop,True,0.03629971002410648
BNB,long,2024-07-21,2024-07-22,2024-07-25,3,602.5,553.4199041011191,558.3536549964135,-0.9467799820382768,-0.07697145512059597,stop,True,0.04073037004056506
BNB,long,2024-08-22,2024-08-23,2024-08-26,3,583.0,530.8014247351454,551.0775255623595,-0.6550107798016056,-0.05852896178272141,stop,True,0.04476721720828012
BNB,long,2024-09-21,2024-09-22,2024-09-30,8,588.7,544.3010929522414,575.285005798769,-0.35457999441054633,-0.026688535978541657,stop,True,0.0377092806588743
BNB,long,2024-11-09,2024-11-10,2024-11-12,2,624.67,581.941900199334,616.8703629269768,-0.2406546943778868,-0.01642818354019404,stop,True,0.03420053772445128
BNB,long,2024-12-03,2024-12-04,2024-12-05,1,734.64,658.7865461267551,712.8732214034155,-0.3251243520249253,-0.033502912827550975,stop,True,0.05162627536837423
BNB,long,2024-12-06,2024-12-07,2024-12-09,2,730.22,647.9316041692715,681.6381689010556,-0.6246998366876703,-0.07025682883739037,stop,True,0.05634493428742605
BNB,long,2025-02-12,2025-02-13,2025-02-16,3,696.92,621.8417271494411,655.8813391207442,-0.5826487730287686,-0.06264269881504457,stop,True,0.053864340850139816
BNB,long,2025-05-09,2025-05-10,2025-05-13,3,666.29,631.2956493732181,652.0036923006414,-0.48358934459004926,-0.02534799689363385,stop,True,0.026260600209204617
BNB,long,2025-05-21,2025-05-22,2025-05-30,8,673.31,632.6641947583828,657.7335630415395,-0.44871848339885156,-0.02703378806917146,stop,True,0.030183574610221968
BNB,long,2025-07-10,2025-07-11,2025-07-15,4,685.8,659.3029339802684,679.7886411237622,-0.32994355495718103,-0.012722493418653122,stop,True,0.019318362510740362
BNB,long,2025-07-16,2025-07-17,2025-07-19,2,708.61,677.9685732138562,729.5696881282739,0.5901594882714368,0.025468500703419984,stop,True,0.021620797608094582
BNB,long,2025-07-20,2025-07-21,2025-07-24,3,756.82,718.3826392534608,760.6928930174392,0.0217982508458187,0.0011048794187796926,stop,True,0.02539399113827547
BNB,long,2025-07-25,2025-07-26,2025-07-29,3,785.44,732.4617291834043,803.0343801078495,0.272138579183626,0.01831922748975686,stop,True,0.03372521823219837
BNB,long,2025-08-12,2025-08-13,2025-08-26,13,832.48,772.4795567066069,831.3496427701924,-0.07429972631283585,-0.005344414615114303,stop,True,0.036037168036104836
BNB,long,2025-09-11,2025-09-12,2025-09-22,10,902.77,854.8242108754953,1021.4632994406032,2.395305926522458,0.12695991408492222,stop,True,0.026554819679710618
BNB,long,2025-09-23,2025-09-24,2025-09-25,1,1015.98,943.4595285992956,961.010990842203,-0.8125014909777483,-0.057880450775334207,stop,True,0.03568991092379003
BNB,long,2025-09-29,2025-09-30,2025-10-09,9,1029.79,952.3646605260718,1238.4161406918731,2.635955228574922,0.19779019380953686,stop,True,0.0375927807970208
BNB,long,2025-10-12,2025-10-13,2025-10-14,1,1302.65,1110.8284710907428,1179.3000088699755,-0.6689233053108674,-0.09830558906580535,stop,True,0.07362742444603583
BNB,long,2026-01-05,2026-01-06,2026-01-19,13,910.31,857.6076779625786,909.1140184572334,-0.09173845464053598,-0.005300589053441601,stop,True,0.028947458578627794
BNB,long,2026-08-19,2026-08-20,2026-08-23,3,627.51,601.6927134938837,689.4168956071657,2.295866445991885,0.09426898750816544,stop,True,0.020571215204631243
BNB,long,2026-08-24,2026-08-25,2026-08-30,5,704.31,665.3599252939335,680.4266179868516,-0.6842825193598635,-0.037766971840876205,stop,True,0.027651229363537637
BNB,long,2026-09-03,2026-09-04,2026-09-07,3,725.22,684.0894774911349,733.6977637551112,0.13517767070434314,0.007651237647152606,stop,True,0.028357272626834032
BNB,long,2026-09-08,2026-09-09,2026-09-10,1,752.03,704.3736832980974,707.7891344910904,-0.9895960712383144,-0.06258576258370017,stop,True,0.03168511675192652
BTC,long,2019-04-02,2019-04-03,2019-04-04,1,4857.19,4588.040911370441,4932.59,0.20739598370637044,0.011469393199790052,gap_stop,True,0.027706254915862698
BTC,long,2019-04-05,2019-04-06,2019-04-11,5,5004.96,4669.374268323929,5041.958282316886,0.05037295735972657,0.0033707970380511027,stop,True,0.03352531605408149
BTC,long,2019-04-12,2019-04-13,2019-04-25,12,5047.0,4634.160457712008,5240.346654311202,0.4184966392634356,0.034164277152566216,stop,True,0.040899498938774696
BTC,long,2019-05-03,2019-05-04,2019-05-12,8,5770.62,5386.463620092434,6808.227076166955,2.6355136474844794,0.17509878054085912,stop,True,0.03328553776782789
BTC,long,2019-05-13,2019-05-14,2019-05-17,3,7795.62,7055.56788710314,7569.31732373863,-0.34731682597691493,-0.03290559466534758,stop,True,0.04746589193013897
BTC,long,2019-05-19,2019-05-20,2019-06-03,14,8147.94,7173.153721594586,8152.163680340521,-0.02911051134878359,-0.0034757113142300958,stop,True,0.05981795879727962
BTC,long,2019-06-15,2019-06-16,2019-06-27,11,8810.77,7948.54897986158,12631.114144318703,4.381081286354668,0.42787639842603364,stop,True,0.0489299471066899
BTC,long,2019-06-28,2019-06-29,2019-07-01,2,12407.06,10647.021685662554,10669.144422400945,-1.0136529255702353,-0.14350756524904848,stop,True,0.07092890315423016
BTC,long,2019-07-09,2019-07-10,2019-07-11,1,12548.51,10747.86677609032,11249.614149226725,-0.7477839480872462,-0.1070887691121531,stop,True,0.07174729206534003
BTC,long,2019-08-05,2019-08-06,2019-08-13,7,11830.0,10478.455917100493,11051.770920816092,-0.6096675879471163,-0.06951377220415803,stop,True,0.05712358761198257
BTC,long,2019-10-26,2019-10-27,2019-11-08,12,9230.0,8169.083137391106,9043.722807720045,-0.21003025378204182,-0.024093161228506542,stop,True,0.057471119317924944
BTC,long,2020-01-28,2020-01-29,2020-02-15,17,9375.34,8675.178148860132,9810.710094528822,0.5670088904350463,0.04226039622812804,stop,True,0.03734061117462774
BTC,long,2020-04-29,2020-04-30,2020-05-04,4,8778.58,7944.2653378824725,8565.728501212752,-0.29669874812148966,-0.028141911760465772,stop,True,0.047519909946570356
BTC,long,2020-05-05,2020-05-06,2020-05-10,4,9021.36,8137.244168062834,9124.713877135637,0.07585174584469023,0.007418823063717288,stop,True,0.04900124991892386
BTC,long,2020-05-14,2020-05-15,2020-05-21,6,9791.97,8642.812017394765,8851.225210613138,-0.8510850506305592,-0.0996815780445159,stop,True,0.05867858983459077
BTC,long,2020-06-01,2020-06-02,2020-06-11,9,10202.71,9201.016521476922,9371.367047070165,-0.8690194412640553,-0.08514929855149503,stop,True,0.04908957906884923
BTC,long,2020-07-25,2020-07-26,2020-07-28,2,9700.42,9285.696133077807,10765.020543317089,2.4683162554097833,0.1053177500986174,stop,True,0.02137659332906169
BTC,long,2020-07-29,2020-07-30,2020-08-02,3,11100.52,10391.776080717285,11096.00714625943,-0.06900363686024304,-0.004396937391238383,stop,True,0.031923906235145495
BTC,long,2020-08-03,2020-08-04,2020-08-11,7,11219.68,10270.451672029814,11132.18377195735,-0.13927097589813642,-0.011759344599821442,stop,True,0.04230193410017867
BTC,long,2020-08-17,2020-08-18,2020-08-22,4,12281.15,11354.693217930788,11492.04336545505,-0.9030675121263843,-0.06798899575084807,stop,True,0.03771864939640068
BTC,long,2020-10-10,2020-10-11,2020-10-28,17,11293.22,10658.16430435572,12949.526703176529,2.531779843560026,0.1420863124776265,stop,True,0.028116679549511997
BTC,long,2020-10-29,2020-10-30,2020-11-07,8,13455.69,12499.575728759353,14712.116948045206,1.2551756314565683,0.08901036975915666,stop,True,0.03552825129148512
BTC,long,2020-11-08,2020-11-09,2020-11-26,17,15475.1,14077.011246018572,17749.62721911659,1.5793544997699696,0.14240104579813362,stop,True,0.04517220418547955
BTC,long,2020-11-30,2020-12-01,2020-12-09,8,19695.87,17615.541353374814,17957.36298565896,-0.8718879506153101,-0.09190724218448365,stop,True,0.052811291063181866
BTC,long,2020-12-16,2020-12-17,2020-12-21,4,21335.52,19427.278849414164,22102.147584811482,0.3562192595171584,0.031796527983588306,stop,True,0.04471981818549153
BTC,long,2020-12-22,2020-12-23,2021-01-04,12,23810.79,21404.577356291535,31379.667255543867,3.0996829646517488,0.3126149582935806,stop,True,0.0505277784506198
BTC,long,2021-01-05,2021-01-06,2021-01-10,4,33949.53,29656.484980545476,36745.19355403003,0.6182730660623782,0.07802688740058387,stop,True,0.06322686970120828
BTC,long,2021-01-14,2021-01-15,2021-01-21,6,39145.21,32270.61501572662,33169.72042278228,-0.8902516369420934,-0.1560319546325509,stop,True,0.08780889135954795
BTC,long,2021-02-08,2021-02-09,2021-02-22,13,46374.86,39635.46615685378,51584.9791882024,0.7440134271015035,0.10790741206703054,stop,True,0.07266214758541831
BTC,long,2021-03-10,2021-03-11,2021-03-16,5,55851.59,48197.910887052276,54167.27865199657,-0.24881485847581888,-0.03402853865626316,stop,True,0.06851800560152112
BTC,long,2021-04-13,2021-04-14,2021-04-18,4,63575.01,57916.31159862547,59249.21413350869,-0.8078614533773171,-0.0717627834491495,stop,True,0.04450410940851234
BTC,long,2021-08-09,2021-08-10,2021-09-07,28,46248.87,41274.81131127022,48508.86045770997,0.41625463758315245,0.044678763225354606,stop,True,0.05377492129785853
BTC,long,2021-10-05,2021-10-06,2021-10-22,16,51471.99,46271.26553249741,61038.74204088946,1.796236396521431,0.18112927842874738,stop,True,0.050519947523911424
BTC,long,2021-11-08,2021-11-09,2021-11-12,3,67525.82,61737.387049086065,63048.2127065751,-0.8186594539528792,-0.07003686538434403,stop,True,0.04286088603525245
BTC,long,2023-01-13,2023-01-14,2023-01-18,4,19930.01,19017.472159308803,20521.1737357356,0.5591673523123574,0.025551561815530102,stop,True,0.022893562037630544
BTC,long,2023-01-19,2023-01-20,2023-02-05,16,21071.59,19859.48046601692,22753.787740735428,1.3155139371061304,0.07552179293259201,stop,True,0.028761700801483898
BTC,long,2023-02-15,2023-02-16,2023-02-17,1,24322.87,22699.082366884133,23492.947197820984,-0.5699972198942188,-0.03797689263354194,stop,True,0.03337985264723828
BTC,long,2023-02-18,2023-02-19,2023-02-24,5,24632.05,22830.095083835437,23375.98043499005,-0.7503437592977215,-0.05478175191165889,stop,True,0.03657744516117338
BTC,long,2023-03-13,2023-03-14,2023-03-15,1,24112.27,21996.899775942726,24078.24764908967,-0.0616456565028109,-0.005397380670027829,stop,True,0.04386501611124287
BTC,long,2023-03-16,2023-03-17,2023-04-18,32,24998.78,22686.53052395997,29175.86912117374,1.7596456892270709,0.16243267014469792,stop,True,0.046247246386424225
BTC,long,2023-06-20,2023-06-21,2023-06-30,9,28308.0,26444.65549661694,29501.466010440097,0.578447558388849,0.03799970633902514,stop,True,0.032911977239350375
BTC,long,2023-07-03,2023-07-04,2023-07-14,10,31156.2,29275.08317847198,30004.11876102038,-0.6774708842731364,-0.04082199241824409,stop,True,0.03018848289470504
BTC,long,2023-10-16,2023-10-17,2023-11-14,28,28500.77,26992.756031407618,35809.69532923446,4.761430960270394,0.2514308369096223,stop,True,0.02645567064665943
BTC,long,2023-11-15,2023-11-16,2023-12-11,25,37858.2,35360.93569181053,42211.764894254025,1.6792075034723846,0.1105455318730423,stop,True,0.032981815144268095
BTC,long,2024-01-08,2024-01-09,2024-01-12,3,46951.04,43326.58088100427,44739.570982349265,-0.6607469310562967,-0.0509055837616505,stop,True,0.03859828364819748
BTC,long,2024-02-08,2024-02-09,2024-03-05,25,45288.66,42532.70508677804,63709.14421819666,6.604784614738094,0.4011193154570248,stop,True,0.0304265451133017
BTC,long,2024-03-06,2024-03-07,2024-03-15,8,66074.04,59923.57822895528,67480.77477372454,0.18529098896968285,0.01721327231225033,stop,True,0.046542195475293424
BTC,long,2024-05-20,2024-05-21,2024-05-23,2,71446.62,65926.0097534635,66584.7787159966,-0.9306768367969458,-0.07176894839626645,stop,True,0.038634509557880364
BTC,long,2024-07-15,2024-07-16,2024-07-25,9,64724.06,59789.1974287725,63664.709057784334,-0.26670012818692473,-0.020293867185965733,stop,True,0.03812231936027727
BTC,long,2024-09-24,2024-09-25,2024-10-01,6,64262.7,59903.11349489337,62517.277799464966,-0.4585256316837487,-0.031044325429687557,stop,True,0.03392003841347023
BTC,long,2024-10-14,2024-10-15,2024-10-23,8,66084.0,61852.3113696874,65667.49292534209,-0.16069472967305043,-0.010269547167220616,stop,True,0.03201749765686553
BTC,long,2024-10-28,2024-10-29,2024-11-01,3,69962.21,65970.94023712185,69448.75413302852,-0.1985026927035432,-0.01130176423004193,stop,True,0.028524468873111358
BTC,long,2024-11-06,2024-11-07,2024-11-25,18,75571.99,70465.43314895709,92943.74920188994,3.3358539267034972,0.2249606801533778,stop,True,0.033786041965038316
BTC,long,2024-11-27,2024-11-28,2024-12-05,7,95863.11,88442.30428810211,92242.57262021229,-0.5385869001556105,-0.041609031906255575,stop,True,0.038705220975502934
BTC,long,2024-12-15,2024-12-16,2024-12-18,2,104463.99,96510.28153979783,100470.2406644175,-0.55365592276177,-0.04207026881349328,stop,True,0.038069139711216185
BTC,long,2025-01-17,2025-01-18,2025-01-21,3,104077.47,96400.6740187924,100775.3803095069,-0.48350840639745846,-0.035592589038495534,stop,True,0.03688020078316466
BTC,long,2025-04-22,2025-04-23,2025-05-29,36,93442.99,86597.57841565066,106037.69120855376,1.7815933630666905,0.13025479013495364,stop,True,0.036628812842725546
BTC,long,2025-06-09,2025-06-10,2025-06-13,3,110263.02,104292.32393152177,104644.76971646519,-1.0129582537114832,-0.05474177902271587,stop,True,0.027074789301427832
BTC,long,2025-07-10,2025-07-11,2025-07-15,4,116010.01,110444.06925936113,117586.21822539081,0.19925037304884113,0.009540574684984642,stop,True,0.023989053792163536
BTC,long,2025-07-16,2025-07-17,2025-07-25,8,118630.44,112781.58193924004,115247.52616947716,-0.6583626620546628,-0.032394584351800905,stop,True,0.02465159052246609
BTC,long,2025-08-13,2025-08-14,2025-08-14,0,123306.44,117669.51085318942,117669.51085318942,-1.085499017134015,-0.0495243209769967,stop,True,0.022857399608692725
BTC,long,2025-10-01,2025-10-02,2025-10-07,5,118594.99,113543.47290488827,120811.58225167467,0.34401132856759686,0.014623809034419722,stop,True,0.02129734609831212
BTC,long,2025-10-08,2025-10-09,2025-10-10,1,123306.01,117609.17984965826,117885.67343182553,-1.0361411134372736,-0.04777494672741638,stop,True,0.023100375035822407
BTC,long,2026-08-19,2026-08-20,2026-09-01,12,69334.78,66220.69160173123,76923.4918966601,2.342963467871688,0.10502134842988471,stop,True,0.022456899684896746
BTC,long,2026-09-03,2026-09-04,2026-09-10,6,81270.37,76317.14834072968,77004.8614610753,-0.9250664147588044,-0.0562679015180546,stop,True,0.030473724060013044
DOGE,long,2020-02-04,2020-02-05,2020-02-10,5,0.0025169,0.002325407079419406,0.0032155,3.588306021531514,0.272463615024312,gap_stop,True,0.03804142408927521
DOGE,long,2020-04-26,2020-04-27,2020-05-04,7,0.0024032,0.0021598306203465777,0.0024176771152578116,0.019868403470403806,0.002008034956757621,stop,True,0.05063444150578855
DOGE,long,2020-05-07,2020-05-08,2020-05-10,2,0.0026632,0.00238146923908992,0.0024113117418683495,-0.9300982284253357,-0.09819549906472252,stop,True,0.05289327893325327
DOGE,long,2020-07-06,2020-07-07,2020-07-08,1,0.0026191,0.00244971811317946,0.00303867396223807,2.410283779316637,0.1555662354469381,stop,True,0.03233589531146956
DOGE,long,2020-07-09,2020-07-10,2020-07-10,0,0.0043225,0.0036002020388685397,0.0036002020388685397,-1.0219374896931948,-0.17042684214201956,stop,True,0.08355094981277733
DOGE,long,2020-07-11,2020-07-12,2020-07-13,1,0.0038109,0.0029917400233101183,0.003050851450216539,-0.9445921122887451,-0.20263654189008282,stop,True,0.10747592126399032
DOGE,long,2020-08-01,2020-08-02,2020-08-02,0,0.0037096,0.0031470804768530913,0.0031470804768530913,-1.0243784622389445,-0.15502553338993103,stop,True,0.07581943109053653
DOGE,long,2020-11-17,2020-11-18,2020-11-22,4,0.0029385,0.0026792138378652335,0.0032692898876319483,1.2278877717014687,0.10812960020292385,stop,True,0.044118795666967234
DOGE,long,2020-11-23,2020-11-24,2020-11-25,1,0.0036894,0.003258804035764282,0.0037794466046382623,0.17443013327423973,0.020317394005014866,stop,True,0.05835582536939853
DOGE,long,2020-12-17,2020-12-18,2020-12-22,4,0.0037182,0.0032376228343481772,0.004763224129837002,2.139222075154016,0.27594246222667557,stop,True,0.06462497521002407
DOGE,long,2020-12-24,2020-12-25,2021-01-03,9,0.0045753,0.00363118382407139,0.0105245,6.269355987019514,1.291103540302081,gap_stop,True,0.10317533013448406
DOGE,long,2021-01-04,2021-01-05,2021-01-11,6,0.0097721,0.006805642559559916,0.008052090111573078,-0.5918366617083882,-0.17930168139177985,stop,True,0.15178198342424268
DOGE,long,2021-01-28,2021-01-29,2021-01-30,1,0.036442,0.030155904822104545,0.0459059,1.4793292078522593,0.25466886872761235,gap_stop,True,0.0862479443759324
DOGE,long,2021-01-31,2021-02-01,2021-02-08,7,0.0369623,0.01795671883898093,0.06246639022974054,1.3314632493944856,0.6832562747035795,stop,True,0.2570941359306519
DOGE,long,2021-02-09,2021-02-10,2021-02-14,4,0.0700122,0.04256188137156199,0.05603129785644477,-0.5184999610358988,-0.20288721079054073,stop,True,0.19603953759800438
DOGE,long,2021-04-11,2021-04-12,2021-04-15,3,0.0743335,0.06236015140061052,0.1214319,3.900902810294989,0.627087947105513,gap_stop,True,0.08053803869984243
DOGE,long,2021-04-16,2021-04-17,2021-04-17,0,0.3653855,0.2986244855065725,0.2986244855065725,-1.019892147851407,-0.1859765322050946,stop,True,0.09135695654784802
DOGE,long,2021-04-18,2021-04-19,2021-04-20,1,0.3225953,0.22919983342148348,0.3306007810342347,0.07172820178091194,0.02072478252873388,stop,True,0.14475639691358883
DOGE,long,2021-04-21,2021-04-22,2021-04-23,1,0.3058074,0.18742849181013094,0.19141855668083585,-0.9746947069951131,-0.37655396584261136,stop,True,0.19355141208137713
DOGE,long,2021-04-30,2021-05-01,2021-05-06,5,0.33746,0.22451030098759045,0.5436706291362703,1.8100833350209762,0.6046354747329784,stop,True,0.16735272182245234
DOGE,long,2021-05-07,2021-05-08,2021-05-09,1,0.68982,0.5105170730817841,0.5534615678616566,-0.7743598928387662,-0.2008753871371617,stop,True,0.12996356072469337
DOGE,long,2021-08-07,2021-08-08,2021-08-09,1,0.26184,0.22277036731117753,0.23996,-0.5857132106221937,-0.08722091411433179,gap_stop,True,0.07460592859918748
DOGE,long,2021-08-10,2021-08-11,2021-08-17,6,0.25734,0.21266903680125984,0.2956456194184678,0.8327478414586762,0.1442659414970899,stop,True,0.08679366441039127
DOGE,long,2021-08-19,2021-08-20,2021-08-24,4,0.31777,0.25726356627637526,0.2823723731367022,-0.6048598365049814,-0.11494118980960932,stop,True,0.09520476087047985
DOGE,long,2021-10-28,2021-10-29,2021-11-06,8,0.2997,0.2432423002047328,0.2557926273937656,-0.7973820758598417,-0.14991158111212316,stop,True,0.09419035668212748
DOGE,long,2022-10-28,2022-10-29,2022-10-30,1,0.08387,0.0740137300469885,0.12176,3.8025277492068557,0.44597510594644735,gap_stop,True,0.05875921040307326
DOGE,long,2022-10-31,2022-11-01,2022-11-02,1,0.12685,0.10363889027450207,0.13245539811203763,0.21915312865139017,0.040020765058873815,stop,True,0.09149038125935324
DOGE,long,2022-11-03,2022-11-04,2022-11-07,3,0.12262,0.0939162871476243,0.10717516595892096,-0.5540894467135297,-0.12944608558935694,stop,True,0.11704335692536168
DOGE,long,2023-01-13,2023-01-14,2023-01-16,2,0.08449,0.07511965169850052,0.08251610514860763,-0.24629896215493524,-0.027261219798414556,stop,True,0.055452410353293125
DOGE,long,2023-01-31,2023-02-01,2023-02-09,8,0.09613,0.0838839753203535,0.08814726360715616,-0.6819593409719643,-0.08670156742645095,stop,True,0.06369512472509364
DOGE,long,2023-04-03,2023-04-04,2023-04-06,2,0.09601,0.08218389123974477,0.08904575615119156,-0.530471406546019,-0.07623909935686198,stop,True,0.07200348276354143
DOGE,long,2023-07-25,2023-07-26,2023-08-02,7,0.08185,0.07244745941236404,0.07372765865949713,-0.8969380753231365,-0.10283034002638435,stop,True,0.05743763340034189
DOGE,long,2023-10-26,2023-10-27,2023-10-31,4,0.07184,0.06610004144075633,0.0664943904516202,-0.9794980697602571,-0.07810490279578705,stop,True,0.03994960021745317
DOGE,long,2023-11-06,2023-11-07,2023-11-09,2,0.07637,0.06981532273785461,0.07025479358519097,-0.9776920732603501,-0.08374577285104266,stop,True,0.04291395352982446
DOGE,long,2023-11-11,2023-11-12,2023-11-14,2,0.0785,0.07020802533041712,0.0719160235211016,-0.83029782413541,-0.08752950819304833,stop,True,0.05281512528396745
DOGE,long,2023-11-17,2023-11-18,2023-11-21,3,0.08642,0.07633862007128796,0.07645095302065136,-1.0211686255440198,-0.11888729928929392,stop,True,0.058327817222356144
DOGE,long,2023-12-02,2023-12-03,2023-12-07,4,0.08617,0.07761291280488733,0.09493,0.9813853486027762,0.09726166791402685,gap_stop,True,0.049652356940424004
DOGE,long,2023-12-08,2023-12-09,2023-12-11,2,0.10165,0.09049481700769416,0.09365590150714456,-0.751642559485845,-0.0823214397164327,stop,True,0.05487055087213895
DOGE,long,2024-02-19,2024-02-20,2024-02-21,1,0.08942,0.08214244247297382,0.08351369658204713,-0.8591029047724734,-0.0697795954849077,stop,True,0.04069311969931878
DOGE,long,2024-02-27,2024-02-28,2024-03-01,2,0.09759,0.08887424449472267,0.11732,2.2144012631278933,0.1973732624923327,gap_stop,True,0.04465496211331761
DOGE,long,2024-03-02,2024-03-03,2024-03-05,2,0.14195,0.12325521936208284,0.15887021465404083,0.8728946619269272,0.11473055456352363,stop,True,0.06584987896413232
DOGE,long,2024-03-06,2024-03-07,2024-03-15,8,0.15784,0.11967748100271887,0.15338588692721114,-0.13302488881839777,-0.03209853004737684,stop,True,0.12088988531830061
DOGE,long,2024-03-27,2024-03-28,2024-04-02,5,0.19048,0.15153064224747215,0.18737815581542241,-0.0990404134701832,-0.020211364839663622,stop,True,0.1022400192999996
DOGE,long,2024-07-20,2024-07-21,2024-07-25,4,0.13423,0.11817661083561902,0.12651998587356947,-0.5127586464073033,-0.06120154905994951,stop,True,0.05979806736340972
DOGE,long,2024-10-18,2024-10-19,2024-10-23,4,0.13718,0.12220093195883283,0.13374168641164566,-0.2657145925393293,-0.028956207436254638,stop,True,0.05459639904201476
DOGE,long,2024-10-24,2024-10-25,2024-10-31,6,0.14189,0.12547217020640872,0.15915625022767318,1.01500368420939,0.11720978177001291,stop,True,0.05785407637462567
DOGE,long,2024-11-05,2024-11-06,2024-11-07,1,0.16999,0.1453709964464079,0.18930663955737875,0.7554345665444454,0.10918833125128062,stop,True,0.07241309357489292
DOGE,long,2024-11-08,2024-11-09,2024-11-13,4,0.20197,0.17118337798569905,0.3766670280260712,5.63685596586097,0.8575202616009703,stop,True,0.07621582911893095
DOGE,long,2024-11-14,2024-11-15,2024-11-24,9,0.36258,0.28899595783880627,0.40258619537146656,0.5228832481971849,0.10590508260527756,stop,True,0.10147283656185353
DOGE,long,2024-11-29,2024-11-30,2024-12-09,9,0.42635,0.346390748252582,0.40532697369164894,-0.2837242690489146,-0.05310448706371549,stop,True,0.09377184443229507
DOGE,long,2025-01-04,2025-01-05,2025-01-08,3,0.39482,0.336262029979234,0.34158195442087014,-0.9343023583052806,-0.1382950362078427,stop,True,0.07415780611514866
DOGE,long,2025-01-17,2025-01-18,2025-01-19,1,0.41525,0.35608656868054933,0.37192395663193867,-0.7589213519223942,-0.1079127507329116,stop,True,0.07123832789819466
DOGE,long,2025-07-18,2025-07-19,2025-07-23,4,0.2358,0.20605232733873555,0.25254862360174996,0.5301902617438597,0.06675337346742675,stop,True,0.06307818630463201
DOGE,long,2025-09-11,2025-09-12,2025-09-14,2,0.25604,0.2283269651369279,0.27490590361296335,0.642441792957922,0.0693972615842266,stop,True,0.054118565191126546
DOGE,long,2025-09-17,2025-09-18,2025-09-22,4,0.28257,0.24804339007418383,0.2567329939064131,-0.7795613916115892,-0.09506277490459063,stop,True,0.061093905803546324
DOGE,long,2026-08-21,2026-08-22,2026-08-22,0,0.09155,0.08446706815776935,0.08446706815776935,-1.0497017540415405,-0.0810499806345387,stop,True,0.03868340711212811
DOGE,long,2026-08-23,2026-08-24,2026-08-26,2,0.09342,0.08422869652379092,0.0842995039149487,-1.0309674919785703,-0.1012312251207411,stop,True,0.04919344613685018
DOGE,long,2026-08-27,2026-08-28,2026-08-30,2,0.08914,0.07962784624677197,0.0810461531413493,-0.8866781786481498,-0.09442881305969386,stop,True,0.0533551366010098
ETH,long,2018-04-23,2018-04-24,2018-04-25,1,644.58,558.4372506765258,623.1103041996311,-0.2786662440808218,-0.03716708877811774,stop,True,0.06682083629919815
ETH,long,2018-04-26,2018-04-27,2018-05-07,10,661.51,560.0344459680492,731.5862594747845,0.6631160341795008,0.10151888171750231,stop,True,0.0766999395564321
ETH,long,2019-04-02,2019-04-03,2019-04-03,0,163.26,150.44302426773345,150.44302426773345,-1.0489511770671425,-0.08218514447768674,stop,True,0.03925326391114343
ETH,long,2019-04-04,2019-04-05,2019-04-11,6,157.33,140.8874035777906,167.15735621059787,0.5582075520493343,0.05822196259725297,stop,True,0.05225512115365609
ETH,long,2019-05-11,2019-05-12,2019-05-17,5,190.2,168.22700914221815,246.54646000446542,2.5245979231275415,0.29107383070062026,stop,True,0.057762857144536876
ETH,long,2019-05-18,2019-05-19,2019-05-30,11,233.57,196.43842724874824,243.83964069890544,0.2508598674208761,0.039800612063143614,stop,True,0.0794870333331587
ETH,long,2019-06-21,2019-06-22,2019-06-27,5,294.25,264.4544284985372,330.8326834624475,1.1858311928599166,0.11983685338082568,stop,True,0.05062968819280001
ETH,long,2019-09-17,2019-09-18,2019-09-23,5,207.85,188.0310925333405,203.13339540441035,-0.27945896592512737,-0.026593776058172064,stop,True,0.0476759862079853
ETH,long,2020-01-30,2020-01-31,2020-02-16,16,184.71,167.08228021464996,257.69469530470417,4.090142502379413,0.38956187518901214,stop,True,0.0477172859762602
ETH,long,2020-02-17,2020-02-18,2020-02-20,2,267.9,232.36800130628103,248.90314407011812,-0.5637302418780877,-0.07461919095002262,stop,True,0.06631578703568303
ETH,long,2020-02-23,2020-02-24,2020-02-26,2,274.5,237.91853415099803,240.35863885449817,-0.9614453004258265,-0.12787204615617878,stop,True,0.06663290682878319
ETH,long,2020-04-08,2020-04-09,2020-05-04,25,173.15,143.90977209089414,201.66590572342236,0.949591569473665,0.16003957382362333,stop,True,0.08443611870951734
ETH,long,2020-05-30,2020-05-31,2020-06-11,11,243.71,218.6109765309783,229.40881702025638,-0.6074905915205495,-0.062438909525678675,stop,True,0.05149362658286843
ETH,long,2020-07-22,2020-07-23,2020-07-28,5,263.75,245.24834015705116,306.42705288706344,2.2450255346748986,0.1571707723180722,stop,True,0.035074236669097314
ETH,long,2020-07-29,2020-07-30,2020-08-02,3,317.76,289.9997037648659,357.1226709808347,1.369326368742529,0.1193889462982176,stop,True,0.0436812314878117
ETH,long,2020-08-03,2020-08-04,2020-08-19,15,385.91,338.7079663049034,397.2339802403355,0.20672186166564283,0.025234422140287795,stop,True,0.06115679004832296
ETH,long,2020-09-01,2020-09-02,2020-09-02,0,475.4,423.18130776862034,423.18130776862034,-1.034416078586842,-0.11339511731042944,stop,True,0.05492079536325163
ETH,long,2020-10-22,2020-10-23,2020-10-26,3,413.94,376.7130826035997,383.89314959187624,-0.8499902468520583,-0.07628969896923429,stop,True,0.04496656205778656
ETH,long,2020-11-06,2020-11-07,2020-11-25,18,455.91,412.23565880234815,557.7897654166768,2.286293579883742,0.21858055266677823,stop,True,0.04789798556475169
ETH,long,2020-11-29,2020-11-30,2020-12-08,8,576.32,498.0792246364131,557.9810055856534,-0.2633869146842411,-0.035685840329193697,stop,True,0.06787962882043566
ETH,long,2020-12-16,2020-12-17,2020-12-21,4,637.18,564.7882201518677,603.8948395312148,-0.49407971765416464,-0.056021718056475704,stop,True,0.05680638112317733
ETH,long,2020-12-27,2020-12-28,2021-01-05,8,685.1,595.2211674228103,1011.0468019588503,3.588770560386577,0.46987401398477696,stop,True,0.06559541131016622
ETH,long,2021-01-06,2021-01-07,2021-01-08,1,1208.75,1034.2620384237025,1104.4040356791525,-0.6245260212095272,-0.08997291653896419,stop,True,0.07217702650519026
ETH,long,2021-01-09,2021-01-10,2021-01-11,1,1276.0,1070.1403164784529,1131.6988653014205,-0.7243600586492425,-0.11662922777421832,stop,True,0.08066602018869402
ETH,long,2021-01-14,2021-01-15,2021-01-21,6,1231.89,970.7726520687702,1171.5186852475342,-0.24961241617744534,-0.05280344515407969,stop,True,0.10598241236280427
ETH,long,2021-02-02,2021-02-03,2021-02-22,19,1511.93,1223.5202346598953,1772.1033729164085,0.8793228823979444,0.16740133997914342,stop,True,0.09537801529836197
ETH,long,2021-04-01,2021-04-02,2021-04-18,16,1968.05,1728.0041690444532,2287.136438481422,1.2938198691814553,0.1574940440018615,stop,True,0.06098570436613568
ETH,long,2021-04-27,2021-04-28,2021-05-13,15,2666.13,2262.7624280905848,3753.949012079391,2.665010598067217,0.40239342705714737,stop,True,0.07564664362004389
ETH,long,2021-05-14,2021-05-15,2021-05-16,1,4075.02,3401.701852252128,3437.104577091262,-0.9697342545227488,-0.15990998799132075,stop,True,0.0826153181760914
ETH,long,2021-07-29,2021-07-30,2021-09-07,39,2382.93,2074.953850482363,3638.5338845077686,4.037848251192383,0.5208205021299293,stop,True,0.06462131693285927
ETH,long,2021-10-14,2021-10-15,2021-10-22,7,3790.82,3353.156362753264,3911.5663745438283,0.24069077901336722,0.02773313929875532,stop,True,0.057726776429207406
ETH,long,2021-10-23,2021-10-24,2021-11-16,23,4167.13,3696.9735576423827,4422.874709995761,0.5074155729515867,0.05713489224687319,stop,True,0.05641250001291265
ETH,long,2022-04-03,2022-04-04,2022-04-06,2,3521.9,3208.4752889832857,3243.9002236641595,-0.9301480276953088,-0.08261151021537066,stop,True,0.04449653752473303
ETH,long,2023-01-12,2023-01-13,2023-01-24,11,1415.91,1332.3980204389957,1553.785113532138,1.57984188614157,0.09299487859255001,stop,True,0.02949056774830478
ETH,long,2023-01-25,2023-01-26,2023-02-09,14,1611.95,1472.0585402442082,1578.377586612878,-0.28560048361846846,-0.024736078610698,stop,True,0.04339199719463752
ETH,long,2023-03-17,2023-03-18,2023-04-19,32,1789.26,1620.4639767515387,1994.9629561447907,1.173810297300989,0.11051442058066727,stop,True,0.04716922729185848
ETH,long,2023-06-21,2023-06-22,2023-07-06,14,1889.1,1757.809851672186,1852.805283866847,-0.33344868033492747,-0.02312802096874826,stop,True,0.03474939080191994
ETH,long,2023-07-13,2023-07-14,2023-07-17,3,2004.49,1879.474159004817,1906.0204509233172,-0.8502168135846476,-0.05292040027748953,stop,True,0.03118395227593629
ETH,long,2023-10-24,2023-10-25,2023-10-27,2,1784.98,1673.768989135204,1747.2346896114768,-0.402925388586057,-0.025053669603809177,stop,True,0.031151892700421294
ETH,long,2023-10-29,2023-10-30,2023-11-14,15,1795.14,1681.7632263398013,2001.0547036948772,1.7492322976298367,0.1102568386670443,stop,True,0.03157881102872163
ETH,long,2023-11-15,2023-11-16,2023-11-17,1,2058.49,1907.9724540880632,1929.0194216532018,-0.9131533228060963,-0.06663683315476035,stop,True,0.03656018389983355
ETH,long,2023-12-02,2023-12-03,2023-12-11,8,2164.75,2014.895787579826,2241.5636164616362,0.4537809657165062,0.03135015993130405,stop,True,0.034612359953845484
ETH,long,2024-01-10,2024-01-11,2024-01-18,7,2584.37,2343.194718735759,2476.926212819669,-0.48747275835934484,-0.04540051005607673,stop,True,0.0466603623444477
ETH,long,2024-02-09,2024-02-10,2024-03-05,24,2486.56,2317.5496705743567,3370.481765999461,5.160676778937307,0.35006866875101456,stop,True,0.033984767997885315
ETH,long,2024-03-06,2024-03-07,2024-03-15,8,3818.58,3445.634685989331,3707.665537680554,-0.33776253156301655,-0.032922060648227204,stop,True,0.04883298425208702
ETH,long,2024-05-20,2024-05-21,2024-06-07,17,3661.79,3317.227380600669,3687.3359033525344,0.03148238066201056,0.0029564774459310125,stop,True,0.047048386089771785
ETH,long,2024-07-15,2024-07-16,2024-07-25,9,3483.2,3187.188467394579,3281.6674941801834,-0.726533317520611,-0.06161948060934194,stop,True,0.042491320137434035
ETH,long,2024-11-08,2024-11-09,2024-11-13,4,2961.75,2710.2439905262345,3139.0667108345424,0.6565054956672768,0.055637885169265835,stop,True,0.0424590207603217
ETH,long,2024-11-18,2024-11-19,2024-12-09,20,3207.81,2896.2472190712106,3724.1008745288455,1.6126029279942202,0.15631356108093855,stop,True,0.04856316005760775
ETH,long,2025-06-10,2025-06-11,2025-06-13,2,2816.41,2537.7354596469386,2601.0979268150145,-0.8115096870783486,-0.08013595238027445,stop,True,0.049473361540589095
ETH,long,2025-07-09,2025-07-10,2025-07-23,13,2768.74,2517.3878353264936,3543.9271049042377,3.033838088026649,0.27486860135361424,stop,True,0.04539107403972681
ETH,long,2025-07-24,2025-07-25,2025-08-01,7,3706.95,3361.679981586957,3607.452900685216,-0.33054102305409877,-0.03072555845057471,stop,True,0.046570633325650854
ETH,long,2025-08-07,2025-08-08,2025-08-18,10,3910.3,3540.4486775553464,4361.684687380769,1.175717623859731,0.11098196365012541,stop,True,0.04729193699264172
ETH,long,2025-08-22,2025-08-23,2025-08-25,2,4832.07,4319.664849345315,4456.984436425297,-0.7682664234436002,-0.08130633799061794,stop,True,0.05302128804577386
ETH,long,2025-09-12,2025-09-13,2025-09-22,9,4712.16,4311.936536236932,4441.169257689036,-0.7228396808778946,-0.06127125583692675,stop,True,0.04246709192419912
ETH,long,2025-10-06,2025-10-07,2025-10-09,2,4684.02,4335.025715758652,4389.894826342918,-0.8947797067467561,-0.06653466550142054,stop,True,0.03725371414312372
ETH,long,2026-08-19,2026-08-20,2026-08-23,3,2252.81,2107.578304398945,2371.5304257317434,0.7537730963425114,0.048496428195663806,stop,True,0.03223345413085329
ETH,long,2026-08-24,2026-08-25,2026-09-02,8,2482.31,2291.8261827013994,2376.6972755097404,-0.6054621367677019,-0.04636831740006225,stop,True,0.03836825724800703
ETH,long,2026-09-03,2026-09-04,2026-09-13,9,2507.5,2311.1758805777317,2477.307318923667,-0.20457137835314235,-0.015984897886850567,stop,True,0.03914738173923594
SOL,long,2021-03-01,2021-03-02,2021-03-17,15,14.9989,10.829600798151048,13.151802027788925,-0.45652741243002093,-0.12664929934294009,stop,True,0.13898683242934323
SOL,long,2021-03-28,2021-03-29,2021-04-14,16,18.0645,14.680558062474972,25.1309224253636,2.0626924779974165,0.38562370293943243,stop,True,0.09366276225539115
SOL,long,2021-04-15,2021-04-16,2021-04-18,2,27.7946,22.865202721765243,23.27351357131799,-0.9378880205574028,-0.1660032764095062,stop,True,0.08867544915621663
SOL,long,2021-04-19,2021-04-20,2021-04-23,3,31.5303,24.75764027322827,33.18637032809129,0.22541173616038102,0.048321449774327195,stop,True,0.10739922751720934
SOL,long,2021-04-24,2021-04-25,2021-05-10,15,40.8525,31.32581166044606,40.52405881417103,-0.051559816585782375,-0.011999605304593378,stop,True,0.11659859665325181
SOL,long,2021-05-18,2021-05-19,2021-05-19,0,55.969,43.111879808040314,43.111879808040314,-1.0154126084735529,-0.23279357330962921,stop,True,0.1148592988257758
SOL,long,2021-07-31,2021-08-01,2021-08-17,16,36.742,30.392677803621,59.49649299466178,3.5534526853180526,0.6128404018448449,stop,True,0.08640414507075005
SOL,long,2021-08-18,2021-08-19,2021-08-25,6,72.659,59.21592508213184,68.15803645155287,-0.3557666419751434,-0.06569112592127069,stop,True,0.0925079819283789
SOL,long,2021-08-26,2021-08-27,2021-09-01,5,74.92,59.857939535007894,108.27,2.189847801810513,0.43937245636862954,gap_stop,True,0.10052095878932264
SOL,long,2021-09-02,2021-09-03,2021-09-07,4,128.2,104.64884700158922,138.8692081219385,0.4303428246752312,0.07889890815634436,stop,True,0.09185317082063482
SOL,long,2021-09-08,2021-09-09,2021-09-10,1,191.02,151.20727639085516,173.98818522007977,-0.4461345404231666,-0.09279854671538712,stop,True,0.10421087741897408
SOL,long,2021-09-11,2021-09-12,2021-09-17,5,179.05,136.2760372560892,140.55638307499316,-0.9148750122930263,-0.21812186680064521,stop,True,0.11944697778249318
SOL,long,2021-10-21,2021-10-22,2021-10-27,5,190.46,161.62514252641276,187.07805694754464,-0.14347284948919786,-0.021677841242593334,stop,True,0.07569793519265787
SOL,long,2021-11-02,2021-11-03,2021-11-10,7,220.81,187.1453057887764,225.02398521812944,0.09868847246458985,0.015016013205657784,stop,True,0.07623000364843897
SOL,long,2023-02-20,2023-02-21,2023-02-24,3,26.26,22.371375204778563,22.81164406884056,-0.9120188771246995,-0.13478371586214932,stop,True,0.07404083768509974
SOL,long,2023-04-11,2023-04-12,2023-04-19,7,22.99,20.360249258900957,23.12901867991686,0.01778900251872435,0.002030764159242545,stop,True,0.05719336105043589
SOL,long,2023-07-07,2023-07-08,2023-07-15,7,21.51,18.676888935889025,26.67,1.7873072694341974,0.23493876960166152,gap_stop,True,0.06585567327082696
SOL,long,2023-07-16,2023-07-17,2023-07-22,5,27.41,23.25205168235661,24.3927204723055,-0.7505829149910984,-0.11363209256929813,stop,True,0.07584728780816112
SOL,long,2023-09-30,2023-10-01,2023-10-09,8,21.37,19.550310122717722,22.53486848867656,0.5918913794848387,0.050299903314531685,stop,True,0.04257580433510244
SOL,long,2023-10-16,2023-10-17,2023-11-02,16,23.95,21.60826367948639,41.16,7.293639275430432,0.7117197754803545,gap_stop,True,0.048888023392768445
SOL,long,2023-11-03,2023-11-04,2023-11-12,8,39.45,33.73813294017274,55.21965710749312,2.7277101567817845,0.39415004701062095,stop,True,0.07239375234255083
SOL,long,2023-11-13,2023-11-14,2023-11-17,3,51.6,41.87026556717518,56.409822686255055,0.47214063987035554,0.08884949173131529,stop,True,0.09428037241109317
SOL,long,2023-11-18,2023-11-19,2023-12-11,22,58.56,46.868571601924,67.51498549703354,0.7443774387286713,0.14831735991881442,stop,True,0.0998243544917691
SOL,long,2023-12-14,2023-12-15,2023-12-18,3,75.68,63.65310601782525,67.49155026281416,-0.7046534916057376,-0.1117584181229438,stop,True,0.07945886616130254
SOL,long,2023-12-20,2023-12-21,2023-12-26,5,82.22,69.35725799103598,108.70564517623929,2.029411292529628,0.31685344812548116,stop,True,0.0782214911758941
SOL,long,2023-12-27,2023-12-28,2024-01-03,6,106.92,87.60996956522673,97.9986695949342,-0.48322905423557627,-0.0870982291333502,stop,True,0.09030130207058204
SOL,long,2024-02-10,2024-02-11,2024-02-17,6,109.01,96.6107483148776,105.92323283582931,-0.2836166019649297,-0.03219534355600647,stop,True,0.05687208368554451
SOL,long,2024-02-28,2024-02-29,2024-03-05,5,119.03,105.33128934941432,122.41796381219507,0.21206870914135742,0.02435746741055962,stop,True,0.057543101111424376
SOL,long,2024-03-07,2024-03-08,2024-03-19,11,143.82,122.17595852494745,181.31620004760066,1.7023589466863187,0.2556833742298843,stop,True,0.07524698051401942
SOL,long,2024-03-20,2024-03-21,2024-04-02,12,191.76,158.14580514308423,176.08984229370262,-0.48806337503304686,-0.0853833498568403,stop,True,0.08764652392812827
SOL,long,2024-05-17,2024-05-18,2024-05-23,5,169.43,146.67339664123188,165.37285842415528,-0.20770882271724508,-0.027842251474699386,stop,True,0.06715635766619883
SOL,long,2024-07-15,2024-07-16,2024-07-31,15,159.37,139.93943244285475,173.2237395377384,0.6787527960712129,0.08258911717045883,stop,True,0.06096055580455938
SOL,long,2024-09-26,2024-09-27,2024-10-01,4,155.54,139.0534911439899,146.10784987002398,-0.6087065440818098,-0.06439124983744773,stop,True,0.05299764965928408
SOL,long,2024-10-14,2024-10-15,2024-10-25,10,157.59,142.90752619069877,163.2931471121439,0.34472261852177,0.032053291842101865,stop,True,0.04658440830414753
SOL,long,2024-10-27,2024-10-28,2024-11-01,4,176.63,158.9580992002114,166.2080808829681,-0.6285455879726711,-0.06276071126047653,stop,True,0.05002519617219213
SOL,long,2024-11-06,2024-11-07,2024-11-13,6,186.59,166.55960434710812,201.73358270893604,0.7172567028871416,0.0768436627121884,stop,True,0.05367489054314775
SOL,long,2024-11-14,2024-11-15,2024-11-25,10,209.57,184.3059916951649,235.29260579408736,0.9829351020972634,0.11825792792188777,stop,True,0.060275822648363585
SOL,long,2025-01-18,2025-01-19,2025-01-20,1,261.97,229.1351801757303,252.4,-0.32278965003383325,-0.04037708451478915,gap_stop,True,0.06266904573857637
SOL,long,2025-01-21,2025-01-22,2025-01-27,5,250.33,206.64351342787154,229.9165331803242,-0.4892579276373498,-0.08521270839073854,stop,True,0.08725779285768481
SOL,long,2025-05-13,2025-05-14,2025-05-17,3,183.75,164.3564294673699,165.25321630459607,-0.9897501904415942,-0.10425293699954173,stop,True,0.052771620496952665
SOL,long,2025-07-16,2025-07-17,2025-07-23,6,173.62,157.25419809964538,187.64704809103128,0.8129460490757199,0.07647712290457216,stop,True,0.047131096360887664
SOL,long,2025-08-12,2025-08-13,2025-08-15,2,191.77,171.03099667810645,186.87830836020402,-0.27238475103347637,-0.029398304379489534,stop,True,0.054072595614260734
SOL,long,2025-08-23,2025-08-24,2025-08-25,1,204.15,179.87314867412692,187.890066625975,-0.7020685375748152,-0.08332105569550065,stop,True,0.059458367195378566
SOL,long,2025-08-28,2025-08-29,2025-09-22,24,214.43,187.14212575240714,232.30743977945,0.6223997056637446,0.07904707722963379,stop,True,0.06362886314320028
SOL,long,2026-08-19,2026-08-20,2026-08-22,2,85.39,80.0822535334868,88.81087166917995,0.578865238802557,0.03590979331700329,stop,True,0.031079438262754375
SOL,long,2026-08-23,2026-08-24,2026-08-30,6,95.44,87.33789444944598,100.56643022101798,0.5843440734059816,0.04950720270038241,stop,True,0.04244606847524109
SOL,long,2026-08-31,2026-09-01,2026-09-11,10,103.06,92.83829585439646,98.02645035464137,-0.5317824179450418,-0.052638005050135585,stop,True,0.049591035055324736
TRX,long,2019-01-08,2019-01-09,2019-01-10,1,0.0259,0.022004071721537954,0.02521806659857096,-0.2012792532555912,-0.030216383242248374,stop,True,0.07521097062668039
TRX,long,2019-01-26,2019-01-27,2019-01-28,1,0.0285,0.024070914760299288,0.02612584942027791,-0.5607032026167234,-0.08696299606270433,stop,True,0.07770324981931075
TRX,long,2019-04-02,2019-04-03,2019-04-04,1,0.02671,0.02438456871082266,0.02596,-0.36781994117856304,-0.03195929369265959,gap_stop,True,0.04353109863679038
TRX,long,2019-04-05,2019-04-06,2019-04-11,5,0.02699,0.024041686391281843,0.028078088557451246,0.3316988998200666,0.036161555375220034,stop,True,0.05461862928340416
TRX,long,2019-05-14,2019-05-15,2019-05-16,1,0.02726,0.023747449285476025,0.027689774336513453,0.09106624041548562,0.011710796596111742,stop,True,0.06442682895311763
TRX,long,2019-05-26,2019-05-27,2019-05-30,3,0.03069,0.025806305169436775,0.03134763047772865,0.10925236635059316,0.01735061050181134,stop,True,0.07956492066737085
TRX,long,2019-06-01,2019-06-02,2019-06-03,1,0.03748,0.03083449536845085,0.03418631712784722,-0.517194057783278,-0.09151961568880575,stop,True,0.08865401055962044
TRX,long,2019-06-22,2019-06-23,2019-06-26,3,0.03751,0.03249565311823461,0.035314387718936385,-0.4669124637179477,-0.06229239884670776,stop,True,0.06684013438770181
TRX,long,2020-01-28,2020-01-29,2020-02-08,10,0.01861,0.016577807637023344,0.021005231123922233,1.1396562175255975,0.12420085469439325,stop,True,0.054599472406680706
TRX,long,2020-02-09,2020-02-10,2020-02-15,5,0.02208,0.019128541122157436,0.023405066785545457,0.41813106773707065,0.055780497518295266,stop,True,0.06683557241491316
TRX,long,2020-04-29,2020-04-30,2020-05-10,10,0.01623,0.014451687192435787,0.014883992333597646,-0.7918942297887605,-0.08659425763811571,stop,True,0.054784744533709594
TRX,long,2020-05-30,2020-05-31,2020-06-11,11,0.01638,0.014626922341034696,0.016697260880776076,0.1432374417244763,0.015299459628637959,stop,True,0.053512749052664906
TRX,long,2020-07-06,2020-07-07,2020-07-13,6,0.01802,0.01647191195183124,0.017447844881318928,-0.41540971083939865,-0.03561638146812444,stop,True,0.04295471831766815
TRX,long,2020-07-25,2020-07-26,2020-07-27,1,0.01878,0.017304675443185903,0.01784005576867262,-0.6867535270019878,-0.05384249301528607,stop,True,0.03927914155522096
TRX,long,2020-07-31,2020-08-01,2020-08-02,1,0.01968,0.01796113430512168,0.018993910426184417,-0.44415185953315284,-0.03871512030146769,stop,True,0.043670368264184904
TRX,long,2020-08-10,2020-08-11,2020-08-12,1,0.02147,0.019275673736328384,0.019275673736328384,-1.0371372975941617,-0.10578831211095617,stop,True,0.051102148664918856
TRX,long,2020-08-13,2020-08-14,2020-08-19,5,0.02238,0.019666117054924732,0.028182417890748962,2.100788121799165,0.254240984294479,stop,True,0.060631879916784405
TRX,long,2020-08-20,2020-08-21,2020-08-25,4,0.02746,0.02310412563028864,0.023307731989969646,-0.9765670708019452,-0.15459988522628051,stop,True,0.0793130802933605
TRX,long,2020-08-31,2020-09-01,2020-09-04,3,0.02916,0.024474324855229688,0.03998,2.2796544083773904,0.3655829630177233,gap_stop,True,0.08034422401869533
TRX,long,2020-11-21,2020-11-22,2020-11-22,0,0.03056,0.027749531735322963,0.027749531735322963,-1.0414945313335706,-0.09559047246304787,stop,True,0.04598279228856408
TRX,long,2020-11-23,2020-11-24,2020-11-25,1,0.03174,0.02833617787382439,0.034886450882836935,0.885239554058828,0.09474428525027037,stop,True,0.05362038636067435
TRX,long,2021-02-08,2021-02-09,2021-02-10,1,0.04042,0.03349846487013526,0.04302000309369703,0.3515293994552318,0.0600758672538555,stop,True,0.08562017726205765
TRX,long,2021-02-11,2021-02-12,2021-02-15,3,0.05683,0.046782400626708145,0.050334876050579985,-0.6677668418344771,-0.11782617593461979,stop,True,0.08840048718363408
TRX,long,2021-02-18,2021-02-19,2021-02-22,3,0.05491,0.0433303765794163,0.052238921109458,-0.24917707838684441,-0.05244249677227085,stop,True,0.10544184502443725
TRX,long,2021-03-19,2021-03-20,2021-03-21,1,0.05862,0.049951846548360546,0.059033857509191934,0.0205983656345843,0.003039805652658405,stop,True,0.07393511985362894
TRX,long,2021-03-26,2021-03-27,2021-04-01,5,0.06464,0.053665176676236784,0.08399562879984898,1.7365525603481202,0.29424995217253125,stop,True,0.08489188833356451
TRX,long,2021-04-02,2021-04-03,2021-04-06,3,0.09235,0.07770133299578816,0.12750029832060736,2.369539679889373,0.3751089885628434,stop,True,0.07931059558317186
TRX,long,2021-04-07,2021-04-08,2021-04-16,8,0.11032,0.08467857355195225,0.13699444226055132,1.0209967619809808,0.23683428444081953,stop,True,0.11621386171160145
TRX,long,2021-04-17,2021-04-18,2021-04-20,2,0.15536,0.11817934052057741,0.11817934052057741,-1.0147140660951408,-0.2423560330450308,stop,True,0.11965969193943932
TRX,long,2021-08-07,2021-08-08,2021-08-17,9,0.07527,0.06798945451711166,0.0858856778122144,1.41381802789128,0.13647961757619287,stop,True,0.04836286357704489
TRX,long,2021-08-19,2021-08-20,2021-09-07,18,0.08826,0.07692388635329266,0.09620291179449404,0.6681289732045842,0.08564319322950581,stop,True,0.0642199957325365
TRX,long,2021-09-12,2021-09-13,2021-09-19,6,0.11241,0.094923765839737,0.10316159750360866,-0.5535523316618427,-0.08593741874314309,stop,True,0.07777881932329421
TRX,long,2021-11-09,2021-11-10,2021-11-10,0,0.11436,0.1029060710778841,0.1029060710778841,-1.0379373876955666,-0.10374896468231493,stop,True,0.05007838808200373
TRX,long,2021-11-14,2021-11-15,2021-11-16,1,0.11699,0.10426965499628284,0.11557539392511978,-0.1477740471804145,-0.016035429463582874,stop,True,0.05436509532317787
TRX,long,2022-05-04,2022-05-05,2022-05-05,0,0.0863,0.07518137874323978,0.07518137874323978,-1.0290470149156405,-0.13231455992125474,stop,True,0.06441843138331527
TRX,long,2022-05-06,2022-05-07,2022-05-09,2,0.08629,0.07202680105922206,0.07749969070922719,-0.6392597277826351,-0.1054547374389161,stop,True,0.08264688226201147
TRX,long,2023-01-14,2023-01-15,2023-01-18,3,0.06178,0.057375230765584456,0.05896409693585607,-0.6941092927473931,-0.04938958693192524,stop,True,0.03564882837824171
TRX,long,2023-01-20,2023-01-21,2023-01-25,4,0.06273,0.05823150181052324,0.05934341088838176,-0.8070995653367815,-0.05776325451114334,stop,True,0.03585603530588841
TRX,long,2023-02-08,2023-02-09,2023-02-24,15,0.06696,0.061826756887534515,0.06774974962021799,0.10136479211631043,0.007755249968664028,stop,True,0.038330668402520085
TRX,long,2023-05-05,2023-05-06,2023-05-08,2,0.07091,0.06735288400841738,0.06762095610929866,-1.0025272752866623,-0.05019021051001844,stop,True,0.025081906582869944
TRX,long,2023-05-20,2023-05-21,2023-05-26,5,0.07257,0.06927741203846674,0.07562722384645987,0.8384982970906947,0.037967738200971025,stop,True,0.022685599845206433
TRX,long,2023-05-27,2023-05-28,2023-06-01,4,0.07714,0.07289357566352918,0.07415533357262748,-0.7741235529112958,-0.04252911204448484,stop,True,0.0275241401119447
TRX,long,2023-06-02,2023-06-03,2023-06-04,1,0.08266,0.07768725190701041,0.08048673391365253,-0.5026515535139523,-0.03017868876540121,stop,True,0.03007953116978939
TRX,long,2023-07-07,2023-07-08,2023-07-23,15,0.07881,0.07432388929771705,0.0839,1.0620736571603857,0.060335869309471456,gap_stop,True,0.028461557557942843
TRX,long,2023-07-28,2023-07-29,2023-07-30,1,0.08507,0.0797605692348941,0.08006267143240164,-1.005304362483139,-0.06261831468675631,stop,True,0.0312062464153398
TRX,long,2023-09-12,2023-09-13,2023-10-06,23,0.08075,0.07735134060421543,0.08725112871103557,1.8139877332986762,0.0761959233682913,stop,True,0.021044330624053104
TRX,long,2023-10-19,2023-10-20,2023-11-03,14,0.08999,0.08637808824529838,0.09719788979778574,1.8919382538333067,0.07578480130737714,stop,True,0.020068406237924313
TRX,long,2023-11-04,2023-11-05,2023-11-11,6,0.09766,0.09372404783584587,0.10621,2.0686887595215087,0.08320712660282546,gap_stop,True,0.02015130127050037
TRX,long,2023-11-12,2023-11-13,2023-11-14,1,0.1085,0.10242579550540659,0.10439966725502041,-0.7451398917369827,-0.04163223855965144,stop,True,0.02799172578153642
TRX,long,2023-11-25,2023-11-26,2023-11-27,1,0.10894,0.10207194146971808,0.10316394565045252,-0.902767822014161,-0.056800867155430104,stop,True,0.03152220731724762
TRX,long,2024-01-13,2024-01-14,2024-01-15,1,0.11424,0.10748090079415207,0.11045655073742694,-0.6262435622169432,-0.03697823509186037,stop,True,0.029582892182457656
TRX,long,2024-01-26,2024-01-27,2024-02-07,11,0.11448,0.1079608408838951,0.12102,0.9309482851871457,0.05290781121195768,gap_stop,True,0.028472917173763566
TRX,long,2024-02-08,2024-02-09,2024-02-15,6,0.12189,0.1147677143544806,0.12381825779511993,0.20173878878806234,0.01176448710200966,stop,True,0.029216037597503488
TRX,long,2024-02-16,2024-02-17,2024-03-01,13,0.13282,0.1261459467723228,0.1384328934613919,0.7597163974423041,0.0380986834828243,stop,True,0.025124428654107807
TRX,long,2024-03-02,2024-03-03,2024-03-05,2,0.14119,0.1346513122175868,0.13576429471822538,-0.9144975368443422,-0.042267005554095224,stop,True,0.023155633481171452
TRX,long,2024-04-28,2024-04-29,2024-05-19,20,0.12124,0.11441459344774142,0.12265004191130528,0.13512188913896855,0.007591727033253464,stop,True,0.028148327912646706
TRX,long,2024-06-25,2024-06-26,2024-07-05,9,0.1219,0.11713353367142919,0.12511098490008907,0.5700161803311331,0.022243969241900866,stop,True,0.019550723250905695
TRX,long,2024-07-06,2024-07-07,2024-07-08,1,0.12991,0.12417390809967044,0.12464,-1.0074978051986867,-0.04439661973873818,gap_stop,True,0.022077176123198972
TRX,long,2024-07-09,2024-07-10,2024-07-16,6,0.12996,0.12355801242528278,0.1351293346544152,0.7246430785694408,0.035625547804870344,stop,True,0.02463060778207608
TRX,long,2024-07-26,2024-07-27,2024-07-30,3,0.1375,0.13173640692842525,0.13371506515767279,-0.7508102877672858,-0.03140892740078082,stop,True,0.020958520260271802
TRX,long,2024-08-17,2024-08-18,2024-08-22,4,0.1349,0.12860210112278125,0.1538,2.909319498011947,0.13555246808088808,gap_stop,True,0.023342842391470487
TRX,long,2024-08-23,2024-08-24,2024-08-27,3,0.1582,0.1460658332490011,0.15676084601572035,-0.1705165025971614,-0.013052754644384391,stop,True,0.038350716659288575
TRX,long,2024-08-28,2024-08-29,2024-09-03,5,0.1582,0.1453865811576303,0.1509016798762421,-0.6178306961552766,-0.04994135296732961,stop,True,0.04049753110736311
TRX,long,2024-09-29,2024-09-30,2024-10-15,15,0.1565,0.1511940124065596,0.158290254989604,0.2187480575830381,0.007401647054930297,stop,True,0.016952037039745693
TRX,long,2024-10-24,2024-10-25,2024-11-03,9,0.1647,0.1593923902822117,0.16511303100794456,-0.04646066067082698,-0.0014942492311754562,stop,True,0.0161129621062183
TRX,long,2024-11-12,2024-11-13,2024-11-13,0,0.1874,0.1779683481897726,0.1779683481897726,-1.0774770645781429,-0.054120086969108444,stop,True,0.0251644925566366
TRX,long,2024-11-14,2024-11-15,2024-11-24,9,0.1764,0.16448699410240597,0.20796660421339758,2.585230903914082,0.17424262022989626,stop,True,0.03376702351925747
TRX,long,2024-12-02,2024-12-03,2024-12-04,1,0.2209,0.20181748849310935,0.39912338217217297,9.274635330046582,0.7995929165111542,stop,True,0.0431926471409929
TRX,long,2024-12-05,2024-12-06,2024-12-09,3,0.3223,0.2570415897300879,0.2751394579580915,-0.7409837407596074,-0.14973286736432392,stop,True,0.1012386135121193
TRX,long,2025-04-13,2025-04-14,2025-04-18,4,0.2547,0.23759044316323344,0.24323981536820882,-0.7280179364880375,-0.04880723148335278,stop,True,0.033587665560986524
TRX,long,2025-05-08,2025-05-09,2025-05-13,4,0.257,0.24395182527517117,0.2644045523137277,0.4875580947728091,0.024704455715418454,stop,True,0.025385553939355696
TRX,long,2025-05-14,2025-05-15,2025-05-19,4,0.2747,0.2581064762296938,0.2620280715293868,-0.8283583887268765,-0.04993792761645248,stop,True,0.03020299193721554
TRX,long,2025-06-07,2025-06-08,2025-06-11,3,0.2869,0.2705083795172015,0.278180542929771,-0.6008934971636775,-0.0342626637839293,stop,True,0.028566783692573133
TRX,long,2025-07-03,2025-07-04,2025-07-19,15,0.287,0.27395230267761705,0.31919145809929445,2.374294438142138,0.10772557735781343,stop,True,0.02273118000415145
TRX,long,2025-07-20,2025-07-21,2025-07-24,3,0.3141,0.2983956960141876,0.30267457487031707,-0.8060831152313381,-0.04022192571057689,stop,True,0.024998892050003822
TRX,long,2025-07-26,2025-07-27,2025-07-30,3,0.32,0.3032947920273633,0.33173624565747706,0.6245221959074762,0.03253734146133404,stop,True,0.02610188745724487
TRX,long,2025-08-06,2025-08-07,2025-08-15,8,0.3373,0.31936722045363025,0.3521854791796923,0.7531742743175076,0.039963086638264735,stop,True,0.026582833599717963
TRX,long,2025-08-22,2025-08-23,2025-08-25,2,0.3667,0.3481123334650755,0.35065859365100893,-0.9401999709569283,-0.04756269717530614,stop,True,0.025344513955446638
TRX,long,2026-01-15,2026-01-16,2026-01-19,3,0.3127,0.3019217437862131,0.3092088087092968,-0.43931122198274164,-0.015112113183679924,stop,True,0.01723418006681619
TRX,long,2026-03-17,2026-03-18,2026-03-23,5,0.3068,0.2963415778327772,0.30668336901712334,-0.12847040398902757,-0.0043706515291155506,stop,True,0.01704436467930705
TRX,long,2026-03-25,2026-03-26,2026-04-20,25,0.3145,0.3011843883857944,0.32639270748657007,0.796878309388117,0.03367167754029911,stop,True,0.02116949382226639
TRX,long,2026-04-21,2026-04-22,2026-04-24,2,0.3331,0.3223243243123997,0.32441689188160994,-0.9278436166799544,-0.029955525461096158,stop,True,0.01617483591654206
TRX,long,2026-05-03,2026-05-04,2026-05-28,24,0.3386,0.32760999376608263,0.3599,1.8110089818307218,0.05866294581539816,gap_stop,True,0.016228597510214687
TRX,long,2026-08-11,2026-08-12,2026-08-15,3,0.3352,0.32821136953802715,0.3312934325346376,-0.7497254803987118,-0.015599928813112621,stop,True,0.010424568111534704
TRX,long,2026-08-20,2026-08-21,2026-08-25,4,0.3375,0.3298346242715463,0.3417929873963878,0.38281247071850305,0.008677168393864159,stop,True,0.01135611219030177
XRP,long,2019-05-14,2019-05-15,2019-05-16,1,0.409,0.3627080747138035,0.4154960693771033,0.10470675411278421,0.011827389812914884,stop,True,0.05659159570439665
XRP,long,2019-05-19,2019-05-20,2019-06-04,15,0.41612,0.3473682287973617,0.4038795997264534,-0.20189151828668617,-0.03329014247051297,stop,True,0.08261051043285386
XRP,long,2019-06-22,2019-06-23,2019-06-27,4,0.47714,0.41739217173820725,0.43688053199226723,-0.7044190608452823,-0.0880318188950457,stop,True,0.062610374587954
XRP,long,2020-02-04,2020-02-05,2020-02-15,10,0.26742,0.2399484551976831,0.30550257061087105,1.3445449003848577,0.13784683071837525,stop,True,0.05136404308263572
XRP,long,2020-07-25,2020-07-26,2020-08-02,7,0.21462,0.19719095050212715,0.26898903978724475,3.0639549055264155,0.24832369418125003,stop,True,0.040604439236494434
XRP,long,2020-08-03,2020-08-04,2020-08-11,7,0.31008,0.26995141695941005,0.28029187741384276,-0.7717408389341833,-0.09967444606718241,stop,True,0.06470682249837137
XRP,long,2020-08-17,2020-08-18,2020-08-19,1,0.31535,0.2745812430944752,0.2800718685877269,-0.8945324291824649,-0.11541519829992314,stop,True,0.06464048978202765
XRP,long,2020-11-16,2020-11-17,2020-11-22,5,0.28814,0.26358892924129423,0.42016346746293926,5.319803026582879,0.4523709592268694,stop,True,0.04260267709916323
XRP,long,2020-11-23,2020-11-24,2020-11-25,1,0.61562,0.5336839081695751,0.6741807718717484,0.6832296864227277,0.09075311306499925,stop,True,0.06654762014751373
XRP,long,2020-11-26,2020-11-27,2020-12-09,12,0.53649,0.3979641349302321,0.5502403151700067,0.08357179024896248,0.02153581063128031,stop,True,0.1291038650019273
XRP,long,2021-01-30,2021-01-31,2021-02-01,1,0.44369,0.33918196367228975,0.3950996805528405,-0.4809955346461396,-0.11306895282946056,stop,True,0.11777145791849064
XRP,long,2021-02-10,2021-02-11,2021-02-16,5,0.50422,0.36038160645985695,0.49535600196512597,-0.07552329924883752,-0.02150146187099895,stop,True,0.14263455787170584
XRP,long,2021-04-04,2021-04-05,2021-04-06,1,0.63501,0.5299589668593082,0.7966440406550719,1.51136764510564,0.24952965295651097,stop,True,0.08271604631477598
XRP,long,2021-04-07,2021-04-08,2021-04-14,6,0.91544,0.7124919024015671,1.5737215074101518,3.219065328160908,0.7122249257442157,stop,True,0.11084729616273754
XRP,long,2021-04-15,2021-04-16,2021-04-18,2,1.75781,1.3988680344505902,1.421333889132691,-0.9551248712889264,-0.19464566616908371,stop,True,0.10209919318624021
XRP,long,2021-05-01,2021-05-02,2021-05-10,8,1.651,1.2256325632549414,1.3670722882189683,-0.681678547319685,-0.17527867122053264,stop,True,0.1288211498319378
XRP,long,2021-08-07,2021-08-08,2021-08-12,4,0.8163,0.7114275529246193,0.9533488556611842,1.273066107191122,0.16322806787486138,stop,True,0.06423646151867005
XRP,long,2021-08-13,2021-08-14,2021-08-16,2,1.0901,0.9345089622792865,1.166057727679589,0.4591871952963921,0.06540941804514044,stop,True,0.07136548835919347
XRP,long,2021-08-17,2021-08-18,2021-08-26,8,1.098,0.8915048774380128,1.096704135442303,-0.02753223784680443,-0.005167509088000379,stop,True,0.09403238732330932
XRP,long,2021-09-06,2021-09-07,2021-09-07,0,1.3894,1.1973780577663453,1.1973780577663453,-1.026942525710095,-0.1416452386354305,stop,True,0.0691024694953414
XRP,long,2021-11-08,2021-11-09,2021-11-10,1,1.2815,1.1273000900551002,1.1360857979083074,-0.97438042435432,-0.1170109049848095,stop,True,0.060163835327701816
XRP,long,2022-09-22,2022-09-23,2022-09-24,1,0.4861,0.42002033083858376,0.48298316435011357,-0.0764985969623802,-0.010378342222337068,stop,True,0.06796921329090333
XRP,long,2022-09-25,2022-09-26,2022-09-28,2,0.4916,0.41317119783249584,0.4228303979873176,-0.9001599011786071,-0.14332292049070505,stop,True,0.07976892002390577
XRP,long,2022-10-07,2022-10-08,2022-10-13,5,0.5177,0.4402710505611657,0.47771618536176685,-0.5421053406144299,-0.08091725956808953,stop,True,0.07478167803634761
XRP,long,2023-01-14,2023-01-15,2023-01-18,3,0.3953,0.3591800794630279,0.3688476195369985,-0.7746604999707747,-0.07064210991645715,stop,True,0.04568671962683037
XRP,long,2023-01-20,2023-01-21,2023-01-30,9,0.4129,0.37220017340681527,0.3940381860636497,-0.5030903574391707,-0.049490967951424755,stop,True,0.049285331306835475
XRP,long,2023-03-21,2023-03-22,2023-03-22,0,0.4696,0.41674746133320056,0.41674746133320056,-1.0335403930895737,-0.11609071803043361,stop,True,0.056273997728704714
XRP,long,2023-03-23,2023-03-24,2023-04-01,8,0.4437,0.38279449472097393,0.511171912919292,1.0764571904147888,0.14746744755576402,stop,True,0.06863365481071228
XRP,long,2023-04-02,2023-04-03,2023-04-19,16,0.5179,0.44479689966606584,0.49805648948232273,-0.29924070794145874,-0.04215439269489974,stop,True,0.07057646295996738
XRP,long,2023-05-29,2023-05-30,2023-06-05,6,0.4946,0.4584880584912037,0.5051884598623166,0.2378405198873042,0.017330649946754338,stop,True,0.03650620856125786
XRP,long,2023-07-13,2023-07-14,2023-07-14,0,0.8151,0.713790576953065,0.713790576953065,-1.0301825937009788,-0.12778663529381087,stop,True,0.06214539507234393
XRP,long,2023-07-15,2023-07-16,2023-07-22,6,0.7144,0.5999311607401427,0.7341946037101048,0.1476158456042828,0.023605385118179875,stop,True,0.08011536902285646
XRP,long,2023-10-23,2023-10-24,2023-10-25,1,0.5475,0.5092226245452228,0.5436281513634211,-0.15816405559096705,-0.01103565460732543,stop,True,0.03495650726463673
XRP,long,2023-10-30,2023-10-31,2023-11-07,7,0.578,0.5332677814481959,0.6716017707575153,2.0366208108031776,0.15730229371015786,stop,True,0.03869569078875784
XRP,long,2023-11-08,2023-11-09,2023-11-14,5,0.6869,0.6220025472347962,0.667770322392547,-0.3365158002618493,-0.031730131602042834,stop,True,0.04723937455612445
XRP,long,2023-12-08,2023-12-09,2023-12-11,2,0.672,0.6126632365527112,0.6388086070275927,-0.6035551672493329,-0.05318679632767581,stop,True,0.044149377564947107
XRP,long,2024-02-27,2024-02-28,2024-02-28,0,0.5862,0.5409126921183701,0.5409126921183701,-1.0497760959898235,-0.08093933808579809,stop,True,0.03862786410920325
XRP,long,2024-03-01,2024-03-02,2024-03-03,1,0.6013,0.5449228806793218,0.5904926749165131,-0.23397631152966145,-0.021893532796903915,stop,True,0.046879360818791106
XRP,long,2024-03-04,2024-03-05,2024-03-05,0,0.6476,0.5816753166371975,0.5816753166371975,-1.037293324865049,-0.10538409591576102,stop,True,0.05089923051482587
XRP,long,2024-03-11,2024-03-12,2024-03-14,2,0.723,0.630513076357746,0.6386587240023422,-0.9413719260728617,-0.12018092921440979,stop,True,0.0639605281066763
XRP,long,2024-07-16,2024-07-17,2024-07-18,1,0.5792,0.5208495965948311,0.5751174825523432,-0.10953056088375561,-0.011012423379693579,stop,True,0.05037154990087099
XRP,long,2024-07-19,2024-07-20,2024-08-01,12,0.5733,0.5020482375068673,0.5901180600067055,0.2033805674363323,0.025226407270392243,stop,True,0.0621417778590029
XRP,long,2024-09-29,2024-09-30,2024-10-01,1,0.6412,0.5895684603372424,0.6002849988845823,-0.8405321901428855,-0.0675473306555742,stop,True,0.04026164976821394
XRP,long,2024-11-10,2024-11-11,2024-11-13,2,0.5885,0.5412676825664343,0.6703282569067724,1.6791596242236617,0.13449837859193914,stop,True,0.04012941158331834
XRP,long,2024-11-14,2024-11-15,2024-11-17,2,0.7736,0.6757860990675741,1.1085676058286738,3.3860552279356124,0.42727790362529405,stop,True,0.06321994631103013
XRP,long,2024-11-18,2024-11-19,2024-11-24,5,1.1138,0.9349730886992134,1.398252315297192,1.5625624165514986,0.25037750918220797,stop,True,0.0802778377180762
XRP,long,2024-11-25,2024-11-26,2024-12-03,7,1.4142,1.1568083739042114,2.4540641628198867,4.009950324142014,0.728374699119825,stop,True,0.09100255483516773
XRP,long,2024-12-04,2024-12-05,2024-12-09,4,2.3574,1.852190528145719,2.1508442751554004,-0.42669867729061206,-0.09126237784671198,stop,True,0.10715395602237238
XRP,long,2025-01-14,2025-01-15,2025-01-19,4,2.6673,2.3106826740985884,2.9578095244149414,0.7830783450025479,0.10448839709181033,stop,True,0.06684987176197117
XRP,long,2025-01-21,2025-01-22,2025-01-27,5,3.1739,2.665751734350665,2.8543359288582537,-0.6526058739484287,-0.10427506403729381,stop,True,0.08005108315468906
XRP,long,2025-03-02,2025-03-03,2025-03-03,0,2.9395,2.4537484106636884,2.4537484106636884,-1.0222057880161861,-0.16858206911831686,stop,True,0.08262486636099872
XRP,long,2025-05-10,2025-05-11,2025-05-15,4,2.4711,2.242794418829631,2.393994677460243,-0.38034774029408264,-0.03507028753172183,stop,True,0.04619513195952593
XRP,long,2025-07-09,2025-07-10,2025-07-12,2,2.4038,2.2081425080310426,2.716963693149215,1.5482267646105674,0.12576650748877355,stop,True,0.04069753972230579
XRP,long,2025-07-13,2025-07-14,2025-07-23,9,2.8361,2.5645401231745786,3.295263998251136,1.6456822542379284,0.15726146883083514,stop,True,0.04787558210666435
XRP,long,2026-08-21,2026-08-22,2026-08-23,1,1.4543,1.331219489479256,1.4619,0.014361331396184526,0.0012130040956387304,gap_stop,True,0.04231606632769853
XRP,long,2026-08-24,2026-08-25,2026-08-26,1,1.4818,1.3172732938724219,1.376839487167249,-0.6727041123722689,-0.07454236607570768,stop,True,0.05551582741516335
XRP,long,2026-08-27,2026-08-28,2026-09-10,13,1.4534,1.2798059863840054,1.3347662651055852,-0.7155204539448564,-0.0852911401805073,stop,True,0.05971997165817896
ZEC,long,2020-01-15,2020-01-16,2020-01-16,0,55.0,47.70320822253884,47.70320822253884,-1.0281502368040092,-0.1361313408438802,stop,True,0.06633447070419236
ZEC,long,2020-01-17,2020-01-18,2020-01-18,0,61.5,51.69307239596461,51.69307239596461,-1.0230843087593273,-0.16281767763379437,stop,True,0.07973111873199501
ZEC,long,2020-01-19,2020-01-20,2020-02-15,26,51.6,40.624740994479694,66.06065520513057,1.2961273977739654,0.275134496408739,stop,True,0.10634940896822005
ZEC,long,2020-04-09,2020-04-10,2020-04-15,5,40.73,34.00845050234809,34.85892571244186,-0.8959618821652392,-0.1475627713143078,stop,True,0.0825134973932225
ZEC,long,2020-04-18,2020-04-19,2020-04-21,2,42.14,35.681538610814556,41.34061237361051,-0.14962524243852232,-0.022886094236223987,stop,True,0.07663100841463509
ZEC,long,2020-04-22,2020-04-23,2020-05-04,11,45.52,38.1256810772458,42.9781842402601,-0.3676893242802864,-0.05960864142147225,stop,True,0.08122055055749344
ZEC,long,2020-05-19,2020-05-20,2020-05-26,6,48.95,42.87950226177849,44.57592557398925,-0.7513595217144449,-0.09299330403867921,stop,True,0.06200712705027083
ZEC,long,2020-05-30,2020-05-31,2020-06-11,11,54.55,48.12508951653922,49.70296737594843,-0.7868652134247787,-0.09249216614989018,stop,True,0.058890105256285775
ZEC,long,2020-06-23,2020-06-24,2020-06-27,3,58.24,51.42457615368636,52.560529814012,-0.8658406841135535,-0.10112109650232554,stop,True,0.05851153714211576
ZEC,long,2020-07-08,2020-07-09,2020-07-16,7,57.93,51.752532306653094,57.321755570101274,-0.1357753666510067,-0.014449746132436055,stop,True,0.05331838161010624
ZEC,long,2020-07-22,2020-07-23,2020-08-02,10,64.27,57.59482517439171,85.1874609182805,3.0888398484102684,0.3201710162442183,stop,True,0.05193072059754384
ZEC,long,2020-08-03,2020-08-04,2020-08-07,3,82.33,70.8651066081092,89.6501855750787,0.6084858328349456,0.08456577921441868,stop,True,0.06962767758952261
ZEC,long,2020-08-08,2020-08-09,2020-08-11,2,97.06,83.31010899075663,83.54367263427402,-1.0092832518938037,-0.14269354049982175,stop,True,0.07083191329715317
ZEC,long,2020-10-11,2020-10-12,2020-10-15,3,72.46,62.478101546167,65.80942022482832,-0.6939680510335547,-0.09540839127184962,stop,True,0.06887868102286088
ZEC,long,2020-11-21,2020-11-22,2020-11-25,3,72.65,62.68014598411408,77.1523872912167,0.42154905276823107,0.0577342564236188,stop,True,0.06861565048785911
ZEC,long,2021-01-09,2021-01-10,2021-01-11,1,78.44,63.36816750277207,81.3932983954312,0.17473865896033047,0.033508095978368825,stop,True,0.096072364209765
ZEC,long,2021-01-12,2021-01-13,2021-01-15,2,99.73,77.63774198381569,96.14433184211455,-0.18003668156762906,-0.039802244719121624,stop,True,0.11076034300704062
ZEC,long,2021-01-16,2021-01-17,2021-01-21,4,108.11,82.39095738233443,88.81817907033118,-0.7654125225597643,-0.1817258765958,stop,True,0.11894849050811934
ZEC,long,2021-02-09,2021-02-10,2021-02-14,4,108.75,90.7054628761541,161.87948238249263,2.9143570187916974,0.48260466118546946,stop,True,0.08296338907515358
ZEC,long,2021-02-15,2021-02-16,2021-02-22,6,158.78,122.47353327878193,150.67358616942983,-0.24032415684806396,-0.05484258214210845,stop,True,0.11432947071803148
ZEC,long,2021-04-01,2021-04-02,2021-04-07,5,165.55,138.82239530357396,170.89200651461306,0.17469288979001388,0.028147404988174144,stop,True,0.08072366262889169
ZEC,long,2021-04-09,2021-04-10,2021-04-18,8,194.57,162.3832202224038,258.56207655637553,1.9599914262679368,0.3235847901425025,stop,True,0.08271259643726221
ZEC,long,2021-05-05,2021-05-06,2021-05-10,4,292.0,235.42908458582042,280.34273109695744,-0.22629922587442644,-0.04375479987024751,stop,True,0.09686800584619791
ZEC,long,2021-08-15,2021-08-16,2021-08-18,2,154.82,134.60082412857088,138.4241799884106,-0.8399110072316649,-0.10947171908325325,stop,True,0.0652989790447911
ZEC,long,2021-08-22,2021-08-23,2021-08-26,3,160.55,139.69615444910778,149.14153113213885,-0.5767690136944953,-0.07476701489655661,stop,True,0.06494501884426106
ZEC,long,2021-09-05,2021-09-06,2021-09-07,1,172.9,151.00263230846969,153.85244428643614,-0.8996999493120317,-0.11371739229543659,stop,True,0.06332379320858966
ZEC,long,2021-10-22,2021-10-23,2021-10-25,2,165.0,146.36763710194165,170.11291158279664,0.2384392030113375,0.026871624990207746,stop,True,0.05646170575169198
ZEC,long,2021-11-09,2021-11-10,2021-11-10,0,200.1,173.83349773480805,173.83349773480805,-1.0284722719423776,-0.13473487438247725,stop,True,0.06563343894350812
ZEC,long,2021-11-11,2021-11-12,2021-11-16,4,204.4,171.07020978154367,181.37656345196453,-0.7139255758580492,-0.11618148084915987,stop,True,0.08153079799035304
ZEC,long,2021-11-21,2021-11-22,2021-11-26,4,229.6,187.5241248277468,250.64552606219482,0.4773527568433187,0.08730376794351373,stop,True,0.09162864802319949
ZEC,long,2022-03-10,2022-03-11,2022-03-31,20,157.3,129.98306787526496,184.85666419701028,0.9837250664134329,0.17049404603771617,stop,True,0.08683068062534983
ZEC,long,2023-11-06,2023-11-07,2023-11-09,2,29.83,27.445997991603356,27.85297786010698,-0.8776788309085644,-0.0700037436228192,stop,True,0.039959805705609135
ZEC,long,2023-12-08,2023-12-09,2023-12-11,2,33.44,30.27464858892226,31.62130414044828,-0.6156720738848647,-0.058161740747948276,stop,True,0.0473288189455403
ZEC,long,2024-02-19,2024-02-20,2024-02-20,0,26.87,24.107433003078985,24.107433003078985,-1.0369058437749357,-0.10639390600738145,stop,True,0.051406159228154405
ZEC,long,2024-02-22,2024-02-23,2024-02-28,5,26.73,22.89887766317949,26.42342650048139,-0.10777007785719159,-0.015415497195641344,stop,True,0.07166334337486922
ZEC,long,2024-03-01,2024-03-02,2024-03-05,3,29.54,25.463916917477263,28.972208566228886,-0.1680083151003221,-0.023136389742639703,stop,True,0.06899260464662724
ZEC,long,2024-03-06,2024-03-07,2024-03-15,8,32.87,27.140873044045794,30.15727699627136,-0.49549915363123115,-0.08619140051874287,stop,True,0.08714826522595383
ZEC,long,2024-05-24,2024-05-25,2024-06-03,9,27.74,24.858573071825855,25.586535899752988,-0.7843742799608914,-0.08131239942776729,stop,True,0.05193631809975023
ZEC,long,2024-07-13,2024-07-14,2024-07-25,11,26.76,23.006888744430682,28.393254152379264,0.40578270676484013,0.056797751435637915,stop,True,0.07012539715189309
ZEC,long,2024-07-26,2024-07-27,2024-08-02,6,32.49,28.041428325265798,29.38629301407032,-0.7255046805895646,-0.0991387361306265,stop,True,0.06846062903561412
ZEC,long,2024-08-09,2024-08-10,2024-08-23,13,40.81,34.28060130794548,39.96806922327915,-0.15368749290628064,-0.024540160433052228,stop,True,0.07999753359537515
ZEC,long,2024-10-10,2024-10-11,2024-10-17,6,33.83,29.587932113303676,35.67196743675616,0.4014465462052989,0.05023837934189704,stop,True,0.06269683545220694
ZEC,long,2024-11-06,2024-11-07,2024-11-12,5,43.25,37.5778398059882,41.96728323351804,-0.2561901080443947,-0.033531811128009834,stop,True,0.06557410628915376
ZEC,long,2024-11-23,2024-11-24,2024-11-25,1,48.83,40.876635843853165,48.78759042643508,-0.029879777884195134,-0.004857063559094926,stop,True,0.08143932168899073
ZEC,long,2024-11-27,2024-11-28,2024-12-09,11,56.49,46.25940093545112,65.97832808472286,0.9035044155511527,0.16330220473468726,stop,True,0.09055230186359428
ZEC,long,2024-12-25,2024-12-26,2024-12-30,4,73.53,57.659773920048025,58.785974930510505,-0.9457116076191355,-0.20370868516401872,stop,True,0.10791667401028134
ZEC,long,2025-05-10,2025-05-11,2025-05-15,4,43.61,37.87581572891777,39.86397174828078,-0.6823945674276836,-0.08954748597773002,stop,True,0.06574391505482952
ZEC,long,2025-05-22,2025-05-23,2025-05-30,7,48.98,42.578070643941246,49.154347554706526,-0.0034241459384649776,-0.000446659567815946,stop,True,0.06535248423906444
ZEC,long,2025-08-22,2025-08-23,2025-08-25,2,43.92,37.746762766085745,40.42817809932903,-0.5929657517063553,-0.08317877580153057,stop,True,0.07027820166113684
ZEC,long,2025-09-06,2025-09-07,2025-09-15,8,47.48,41.62345240412857,49.156769160232194,0.25330548375591216,0.03118227786028062,stop,True,0.061673837361746316
ZEC,long,2025-09-23,2025-09-24,2025-09-26,2,55.14,48.142713617518226,53.60251978769549,-0.2508065492751001,-0.03176391598160049,stop,True,0.06345018482482566
ZEC,long,2025-09-28,2025-09-29,2025-09-30,1,61.11,52.590446367564844,63.71184305559592,0.2760942029321315,0.03841440616532815,stop,True,0.06970670620549138
ZEC,long,2025-10-01,2025-10-02,2025-10-03,1,120.84,102.71786467548833,131.39,0.55432430119935,0.08296498694104663,gap_stop,True,0.07498400912161403
ZEC,long,2025-10-04,2025-10-05,2025-10-07,2,156.78,124.89424515016321,142.70973178764075,-0.4600564654974643,-0.0933790517952139,stop,True,0.10168948478707997
ZEC,long,2025-10-08,2025-10-09,2025-10-10,1,177.6,133.83818710260857,169.44117373813654,-0.2022975746022494,-0.049747962460999856,stop,True,0.12320330207598933
ZEC,long,2025-10-11,2025-10-12,2025-10-14,2,291.0,219.48269572318918,222.61107460010422,-0.9706203030306875,-0.23806732771260228,stop,True,0.12288196611135882
ZEC,long,2025-10-20,2025-10-21,2025-10-22,1,268.57,189.01674081527935,226.9262593284737,-0.5359269202432866,-0.15843033072323268,stop,True,0.1481052596803825
ZEC,long,2025-10-26,2025-10-27,2025-11-08,12,325.28,240.09705387793585,607.3293897501806,3.289204984401294,0.8596437565433578,stop,True,0.13093787832338927
ZEC,long,2025-11-09,2025-11-10,2025-11-11,1,615.8,450.1107493254108,505.86712437359574,-0.6770276853714758,-0.18179978120269913,stop,True,0.13453170727069602
ZEC,long,2025-11-15,2025-11-16,2025-11-21,5,670.78,470.172898141484,541.1637817755363,-0.6582025489862259,-0.19645271576768744,stop,True,0.1495327095758043
ZEC,long,2025-12-27,2025-12-28,2026-01-07,10,516.06,418.84213262955745,478.283572492506,-0.4090309294788014,-0.07690141294839097,stop,True,0.0941924072495858
ZEC,long,2026-04-09,2026-04-10,2026-04-16,6,366.72,310.07282146467173,340.01417957648823,-0.49639345700382953,-0.07652476673688166,stop,True,0.07723491837822906
ZEC,long,2026-05-01,2026-05-02,2026-05-11,9,385.0,330.35007780561307,553.1020558986032,3.041648461923685,0.4308936718428236,stop,True,0.07097392492777523
ZEC,long,2026-05-12,2026-05-13,2026-05-16,3,571.28,480.33735306458857,496.4275421314037,-0.8465541255637397,-0.13449482660651793,stop,True,0.0795955109013193
ZEC,long,2026-05-20,2026-05-21,2026-05-22,1,666.41,562.2619301811711,584.0939351682302,-0.8143892906479213,-0.12702056864064254,stop,True,0.07814113670175184
ZEC,long,2026-05-24,2026-05-25,2026-05-26,1,674.0,558.8455377422018,568.2708564749017,-0.9397263737447558,-0.1602339612141415,stop,True,0.0854261589449541
ZEC,long,2026-07-12,2026-07-13,2026-07-22,9,533.53,450.41349035906944,510.0789802748981,-0.3072583027845941,-0.047771002866442376,stop,True,0.07789300474287343
ZEC,long,2026-08-19,2026-08-20,2026-08-25,5,565.25,509.09073259622437,777.3492347896909,3.7289310562842632,0.3697409008963258,stop,True,0.0496764859829948
ZEC,long,2026-08-26,2026-08-27,2026-09-10,14,816.1,697.1327765426206,1120.8081977176585,2.5287165034157364,0.36788863312735276,stop,True,0.0728876506907116
